experiment,model,accuracy,accuracy,f1_macro,f1_macro
,,mean,std,mean,std
4v_baseline_RF_RF,MultiViewStacking,0.9168499999999999,0.0025840705104271332,0.9172187550666733,0.002582298369326957
4v_baseline_RF_RF,SingleView,0.9164583333333333,0.002203051445725808,0.916911209005467,0.002172267002984076
4v_baseline_RF_RF,Vista_Banderas,0.7330055555555556,0.0019293819269090022,0.7317648563876837,0.001995643080407309
4v_baseline_RF_RF,Vista_Tiempo,0.8455388888888888,0.0028369773608206508,0.8461585299951218,0.00284575196593781
4v_baseline_RF_RF,Vista_Topologia,0.7484944444444445,0.003129275502762531,0.7488811035674102,0.0032153927992751557
4v_baseline_RF_RF,Vista_Volumen,0.884361111111111,0.0021387464826900303,0.8855166326695947,0.0020994916846505452
4v_diverse_base_meta_LR,MultiViewStacking,0.9111694444444444,0.0024480618502423454,0.9116074529016933,0.002430272145640148
4v_diverse_base_meta_LR,SingleView,0.9164583333333333,0.002203051445725808,0.916911209005467,0.002172267002984076
4v_diverse_base_meta_LR,Vista_Banderas,0.7330055555555556,0.0019293819269090022,0.7317648563876837,0.001995643080407309
4v_diverse_base_meta_LR,Vista_Tiempo,0.8455388888888888,0.0028369773608206508,0.8461585299951218,0.00284575196593781
4v_diverse_base_meta_LR,Vista_Topologia,0.7484944444444445,0.003129275502762531,0.7488808089187918,0.003215418686334849
4v_diverse_base_meta_LR,Vista_Volumen,0.884361111111111,0.0021387464826900303,0.8855166326695947,0.0020994916846505452
4v_meta_LR,MultiViewStacking,0.9129138888888889,0.002507135690328837,0.9133282112706164,0.0024839128356047785
4v_meta_LR,SingleView,0.9164583333333333,0.002203051445725808,0.916911209005467,0.002172267002984076
4v_meta_LR,Vista_Banderas,0.7330055555555556,0.0019293819269090022,0.7317648563876837,0.001995643080407309
4v_meta_LR,Vista_Tiempo,0.8455388888888888,0.0028369773608206508,0.8461585299951218,0.00284575196593781
4v_meta_LR,Vista_Topologia,0.7484944444444445,0.003129275502762531,0.7488808089187918,0.003215418686334849
4v_meta_LR,Vista_Volumen,0.884361111111111,0.0021387464826900303,0.8855166326695947,0.0020994916846505452
4v_meta_RF_restricted,MultiViewStacking,0.9034083333333334,0.002725429248282642,0.9043416004949707,0.002688424274399374
4v_meta_RF_restricted,SingleView,0.9164583333333333,0.002203051445725808,0.916911209005467,0.002172267002984076
4v_meta_RF_restricted,Vista_Banderas,0.7330055555555556,0.0019293819269090022,0.7317648563876837,0.001995643080407309
4v_meta_RF_restricted,Vista_Tiempo,0.8455388888888888,0.0028369773608206508,0.8461585299951218,0.00284575196593781
4v_meta_RF_restricted,Vista_Topologia,0.7484944444444445,0.003129275502762531,0.7488811035674102,0.0032153927992751557
4v_meta_RF_restricted,Vista_Volumen,0.884361111111111,0.0021387464826900303,0.8855166326695947,0.0020994916846505452
4v_xgb_base_meta_LR,MultiViewStacking,0.9098027777777778,0.002038571768126172,0.9102732446353308,0.002003987635092264
4v_xgb_base_meta_LR,SingleView,0.9164583333333333,0.002203051445725808,0.916911209005467,0.002172267002984076
4v_xgb_base_meta_LR,Vista_Banderas,0.7330055555555556,0.0019293819269090022,0.7317648563876837,0.001995643080407309
4v_xgb_base_meta_LR,Vista_Tiempo,0.8455388888888888,0.0028369773608206508,0.8461585299951218,0.00284575196593781
4v_xgb_base_meta_LR,Vista_Topologia,0.7484944444444445,0.003129275502762531,0.7488811035674102,0.0032153927992751557
4v_xgb_base_meta_LR,Vista_Volumen,0.884361111111111,0.0021387464826900303,0.8855166326695947,0.0020994916846505452
