model,accuracy,f1_macro,run
MultiViewStacking,0.8847444444444444,0.8854241723415384,1
SingleView,0.8863111111111112,0.8869728279621079,1
Vista_Tiempo,0.7632777777777778,0.7636973959027915,1
Vista_Volumen,0.8315,0.8328859952057277,1
Vista_Banderas,0.65695,0.6518687907302766,1
Vista_Topologia,0.6983555555555555,0.6990999162409581,1
MultiViewStacking,0.8851166666666667,0.8857705418237485,2
SingleView,0.8868333333333334,0.8874865420731205,2
Vista_Tiempo,0.7656,0.7660871636887817,2
Vista_Volumen,0.8321944444444445,0.833403230189778,2
Vista_Banderas,0.6565666666666666,0.6516290973129161,2
Vista_Topologia,0.6976333333333333,0.6981466503048198,2
MultiViewStacking,0.8842833333333333,0.8850187562783455,3
SingleView,0.8868444444444444,0.8875115870679314,3
Vista_Tiempo,0.7645888888888889,0.7650671623272354,3
Vista_Volumen,0.8319333333333333,0.8331474788237409,3
Vista_Banderas,0.6566222222222222,0.6516048978081043,3
Vista_Topologia,0.6961833333333334,0.696704852229169,3
MultiViewStacking,0.8835,0.884211925152213,4
SingleView,0.8860111111111111,0.8866731009030121,4
Vista_Tiempo,0.7612611111111112,0.7615860056504825,4
Vista_Volumen,0.8309777777777778,0.8323629251170995,4
Vista_Banderas,0.6557166666666666,0.6505079294260255,4
Vista_Topologia,0.6972444444444444,0.6980951439882669,4
MultiViewStacking,0.8849,0.8855887284483948,5
SingleView,0.8864388888888889,0.8870852831936521,5
Vista_Tiempo,0.7630111111111111,0.7633115585997455,5
Vista_Volumen,0.8320722222222222,0.8336526870469162,5
Vista_Banderas,0.6570444444444444,0.6524196886026403,5
Vista_Topologia,0.69775,0.6986340317071393,5
MultiViewStacking,0.8857722222222222,0.8864795915872464,6
SingleView,0.8867222222222222,0.8874147308939384,6
Vista_Tiempo,0.7585111111111111,0.7588370781311965,6
Vista_Volumen,0.8309,0.8322927603186502,6
Vista_Banderas,0.6550333333333334,0.6498974551472064,6
Vista_Topologia,0.69735,0.6978787069430412,6
MultiViewStacking,0.8845055555555555,0.8851588491618999,7
SingleView,0.8867722222222222,0.8874487004261824,7
Vista_Tiempo,0.7635666666666666,0.7638630205713687,7
Vista_Volumen,0.8315055555555556,0.8327813606931831,7
Vista_Banderas,0.6571777777777777,0.6522379943941016,7
Vista_Topologia,0.6981722222222222,0.698604323193471,7
MultiViewStacking,0.8850222222222223,0.8857393225816669,8
SingleView,0.8864055555555556,0.8870850384974608,8
Vista_Tiempo,0.7638,0.7641562135404407,8
Vista_Volumen,0.8324111111111111,0.8338007378244437,8
Vista_Banderas,0.6560444444444444,0.6513062432964422,8
Vista_Topologia,0.6980333333333333,0.6989281751150652,8
MultiViewStacking,0.8846166666666667,0.8853185403792838,9
SingleView,0.8858722222222222,0.8865655788381357,9
Vista_Tiempo,0.7602,0.7607048512408384,9
Vista_Volumen,0.8304,0.8319641591800981,9
Vista_Banderas,0.655,0.6496189127130547,9
Vista_Topologia,0.6976555555555556,0.6982454679994895,9
MultiViewStacking,0.8853944444444445,0.8860636805459339,10
SingleView,0.8858666666666667,0.886485648890652,10
Vista_Tiempo,0.7622222222222222,0.7625018017898522,10
Vista_Volumen,0.8325277777777778,0.8338361802551365,10
Vista_Banderas,0.6563833333333333,0.6514778385970689,10
Vista_Topologia,0.6974388888888889,0.6984613273168043,10
MultiViewStacking,0.8865611111111111,0.8871575657120497,11
SingleView,0.8878555555555555,0.8884444842208432,11
Vista_Tiempo,0.7678777777777778,0.7684012265756425,11
Vista_Volumen,0.8340277777777778,0.8355841053311702,11
Vista_Banderas,0.6582666666666667,0.6531733947226669,11
Vista_Topologia,0.6980166666666666,0.6987994204954168,11
MultiViewStacking,0.88525,0.8859284417199081,12
SingleView,0.8871111111111111,0.8877660852701399,12
Vista_Tiempo,0.7631333333333333,0.7635314748619849,12
Vista_Volumen,0.8319722222222222,0.8331833833027744,12
Vista_Banderas,0.6555666666666666,0.650726278063816,12
Vista_Topologia,0.6978777777777778,0.6982559857852779,12
MultiViewStacking,0.8845944444444445,0.8852397274521052,13
SingleView,0.8869888888888889,0.8876438364185176,13
Vista_Tiempo,0.7647888888888889,0.7650826688075192,13
Vista_Volumen,0.8327555555555556,0.8339493102238676,13
Vista_Banderas,0.6568833333333334,0.6522077806551666,13
Vista_Topologia,0.6974055555555555,0.6979367849470259,13
MultiViewStacking,0.8846555555555555,0.8853330773253241,14
SingleView,0.8872777777777778,0.8879524012749581,14
Vista_Tiempo,0.7631888888888889,0.7635353454546913,14
Vista_Volumen,0.8315333333333333,0.8330785901846612,14
Vista_Banderas,0.6554833333333333,0.6503671720172619,14
Vista_Topologia,0.6981666666666667,0.6990190908273668,14
MultiViewStacking,0.8854777777777778,0.8861662879883245,15
SingleView,0.8874222222222222,0.8880458757975198,15
Vista_Tiempo,0.7647666666666667,0.7651468183069666,15
Vista_Volumen,0.8331833333333334,0.8345855498616412,15
Vista_Banderas,0.6560388888888888,0.6509262341342011,15
Vista_Topologia,0.6969055555555556,0.6973873920929462,15
MultiViewStacking,0.8840611111111111,0.8846786242394735,16
SingleView,0.8863944444444445,0.8870593029162124,16
Vista_Tiempo,0.7629555555555556,0.7632380000098253,16
Vista_Volumen,0.8314555555555555,0.832600255610272,16
Vista_Banderas,0.6572055555555556,0.6521892334835189,16
Vista_Topologia,0.6980833333333333,0.6988772413533907,16
MultiViewStacking,0.8853277777777778,0.8860051525721754,17
SingleView,0.8866833333333334,0.8873069548724576,17
Vista_Tiempo,0.7654722222222222,0.7658313784057432,17
Vista_Volumen,0.8304333333333334,0.831755879121698,17
Vista_Banderas,0.6571777777777777,0.6525600962721949,17
Vista_Topologia,0.699,0.699460106286626,17
MultiViewStacking,0.8858666666666667,0.8865276909682317,18
SingleView,0.8873833333333333,0.88797970915417,18
Vista_Tiempo,0.7647611111111111,0.7651815279094166,18
Vista_Volumen,0.8325833333333333,0.8337118020644333,18
Vista_Banderas,0.6560277777777778,0.6510548792615385,18
Vista_Topologia,0.6978777777777778,0.6985632152573373,18
MultiViewStacking,0.8860388888888889,0.8867080301136242,19
SingleView,0.88775,0.8884072718339168,19
Vista_Tiempo,0.7640666666666667,0.7644413483323017,19
Vista_Volumen,0.8325777777777777,0.8337436366055081,19
Vista_Banderas,0.6560666666666667,0.651038183127537,19
Vista_Topologia,0.6969166666666666,0.6975069949289264,19
MultiViewStacking,0.8843555555555556,0.8850710447632656,20
SingleView,0.8864277777777778,0.8870971662393622,20
Vista_Tiempo,0.7641666666666667,0.7645840792094521,20
Vista_Volumen,0.8313722222222222,0.8327441903472791,20
Vista_Banderas,0.6552277777777777,0.6502426811147309,20
Vista_Topologia,0.6972277777777778,0.6978068809235692,20
