run,seed,model,class,precision,recall,f1-score,support
1,2305,MultiViewStacking,Benign,0.7645883293365308,0.8289666666666666,0.7954770815340818,30000.0
1,2305,MultiViewStacking,DDoS,0.9976592713209851,0.9803,0.9889034601028952,30000.0
1,2305,MultiViewStacking,DoS,0.9999332175771337,0.9982,0.9990658570761326,30000.0
1,2305,MultiViewStacking,Mirai,0.8437592065206717,0.8592,0.8514096021404152,30000.0
1,2305,MultiViewStacking,Recon,0.9034133735328954,0.839,0.8700160730025406,30000.0
1,2305,MultiViewStacking,Spoofing,0.8126054389634928,0.8028,0.8076729601931655,30000.0
1,2305,SingleView,Benign,0.775686563951164,0.8407666666666667,0.8069165187069117,30000.0
1,2305,SingleView,DDoS,0.997173217083305,0.9759666666666666,0.9864559819413092,30000.0
1,2305,SingleView,DoS,0.9999666076735566,0.9982,0.9990825228952241,30000.0
1,2305,SingleView,Mirai,0.853375352463095,0.8575,0.8554327042979466,30000.0
1,2305,SingleView,Recon,0.9044062997699522,0.8518,0.8773152519097073,30000.0
1,2305,SingleView,Spoofing,0.799657419224827,0.7936333333333333,0.7966339880215478,30000.0
1,2305,Voting_Hard,Benign,0.6568205304857044,0.7627,0.7058115861558394,30000.0
1,2305,Voting_Hard,DDoS,0.9967645255772768,0.9755666666666667,0.9860516828947812,30000.0
1,2305,Voting_Hard,DoS,0.9971023181454837,0.9979,0.9975009996001599,30000.0
1,2305,Voting_Hard,Mirai,0.6710222502099077,0.8524666666666667,0.7509396288466056,30000.0
1,2305,Voting_Hard,Recon,0.882635126752409,0.7114333333333334,0.7878407559845703,30000.0
1,2305,Voting_Hard,Spoofing,0.7738130721737279,0.6057666666666667,0.6795550154248855,30000.0
1,2305,Voting_Soft,Benign,0.7422047244094488,0.7855,0.7632388663967611,30000.0
1,2305,Voting_Soft,DDoS,0.9967654068777664,0.9758333333333333,0.9861883105945763,30000.0
1,2305,Voting_Soft,DoS,0.9987658850605383,0.9981333333333333,0.9984495090111869,30000.0
1,2305,Voting_Soft,Mirai,0.7805917374354014,0.8609666666666667,0.8188115202333212,30000.0
1,2305,Voting_Soft,Recon,0.8878675129495878,0.8113333333333334,0.8478768244678998,30000.0
1,2305,Voting_Soft,Spoofing,0.8073672348218058,0.7642,0.7851907664908555,30000.0
1,2305,Vista_Tiempo,Benign,0.5908260664624087,0.6685,0.6272676091580133,30000.0
1,2305,Vista_Tiempo,DDoS,0.9798369362968977,0.9654333333333334,0.9725818096341443,30000.0
1,2305,Vista_Tiempo,DoS,0.9946752940383513,0.9838333333333333,0.9892246074439026,30000.0
1,2305,Vista_Tiempo,Mirai,0.7151564404713531,0.6453333333333333,0.6784531548422141,30000.0
1,2305,Vista_Tiempo,Recon,0.6602583268552293,0.7361,0.6961195347224411,30000.0
1,2305,Vista_Tiempo,Spoofing,0.6619530923328392,0.5804666666666667,0.6185376596160336,30000.0
1,2305,Vista_Volumen,Benign,0.6562473189006778,0.7649,0.7064201825542198,30000.0
1,2305,Vista_Volumen,DDoS,0.9963226531376621,0.9753666666666667,0.9857332951540366,30000.0
1,2305,Vista_Volumen,DoS,0.9998998263657005,0.9981666666666666,0.9990324948288517,30000.0
1,2305,Vista_Volumen,Mirai,0.7990900698931821,0.8079333333333333,0.8034873698866273,30000.0
1,2305,Vista_Volumen,Recon,0.8513177130664981,0.7182,0.779113706630024,30000.0
1,2305,Vista_Volumen,Spoofing,0.7226267664172901,0.7244333333333334,0.7235289221806076,30000.0
1,2305,Vista_Banderas,Benign,0.5729319116314726,0.27403333333333335,0.3707411666553925,30000.0
1,2305,Vista_Banderas,DDoS,0.9857297078469739,0.9739666666666666,0.9798128835384461,30000.0
1,2305,Vista_Banderas,DoS,0.9856283422459893,0.983,0.9843124165554072,30000.0
1,2305,Vista_Banderas,Mirai,0.4080394453866732,0.7779,0.5352952645281158,30000.0
1,2305,Vista_Banderas,Recon,0.7604974465670512,0.5361,0.6288808946586377,30000.0
1,2305,Vista_Banderas,Spoofing,0.42889577627216374,0.3967,0.4121701184456605,30000.0
1,2305,Vista_Topologia,Benign,0.4794695745826602,0.47486666666666666,0.4771570203644159,30000.0
1,2305,Vista_Topologia,DDoS,0.9854002349387481,0.9786666666666667,0.9820219081863032,30000.0
1,2305,Vista_Topologia,DoS,0.9963656975193385,0.9961,0.9962328310441392,30000.0
1,2305,Vista_Topologia,Mirai,0.5031599265278167,0.5387333333333333,0.5203393377440801,30000.0
1,2305,Vista_Topologia,Recon,0.6685086713238105,0.6411666666666667,0.6545522603916765,30000.0
1,2305,Vista_Topologia,Spoofing,0.5680413415746276,0.5606,0.5642961397151341,30000.0
2,8986,MultiViewStacking,Benign,0.7666904400136438,0.8241666666666667,0.7943902713296599,30000.0
2,8986,MultiViewStacking,DDoS,0.9978291839088257,0.9806,0.9891395716351165,30000.0
2,8986,MultiViewStacking,DoS,0.9998330550918197,0.9981666666666666,0.9989991659716431,30000.0
2,8986,MultiViewStacking,Mirai,0.8467228000660393,0.8547666666666667,0.8507257194990462,30000.0
2,8986,MultiViewStacking,Recon,0.8976296927116599,0.8432333333333333,0.8695816575573201,30000.0
2,8986,MultiViewStacking,Spoofing,0.8141498057081603,0.8101333333333334,0.8121366036222682,30000.0
2,8986,SingleView,Benign,0.7730359765051396,0.8423,0.8061830015313936,30000.0
2,8986,SingleView,DDoS,0.9970413195034858,0.9772666666666666,0.9870549617035603,30000.0
2,8986,SingleView,DoS,0.9998998297105078,0.9982,0.9990491918130411,30000.0
2,8986,SingleView,Mirai,0.8552263648468709,0.8563666666666667,0.8557961359093937,30000.0
2,8986,SingleView,Recon,0.9035121847699218,0.8515,0.8767353662931374,30000.0
2,8986,SingleView,Spoofing,0.8048912126834205,0.7953666666666667,0.8001005951881969,30000.0
2,8986,Voting_Hard,Benign,0.6638841366291074,0.7502333333333333,0.7044223967950924,30000.0
2,8986,Voting_Hard,DDoS,0.9965975979041203,0.9763666666666667,0.9863784075028202,30000.0
2,8986,Voting_Hard,DoS,0.9975678827253041,0.9980666666666667,0.9978172123635758,30000.0
2,8986,Voting_Hard,Mirai,0.6691097275855729,0.8490333333333333,0.7484096551926778,30000.0
2,8986,Voting_Hard,Recon,0.8766853817466497,0.7130666666666666,0.7864561313211155,30000.0
2,8986,Voting_Hard,Spoofing,0.7617239101717305,0.6150666666666667,0.6805842431395692,30000.0
2,8986,Voting_Soft,Benign,0.739282808686401,0.7875333333333333,0.7626456631911941,30000.0
2,8986,Voting_Soft,DDoS,0.9980918631593294,0.9764,0.9871267776504684,30000.0
2,8986,Voting_Soft,DoS,0.9986993062966916,0.9981666666666666,0.9984329154441184,30000.0
2,8986,Voting_Soft,Mirai,0.7790873833474731,0.8571,0.8162338899117516,30000.0
2,8986,Voting_Soft,Recon,0.8868194317140238,0.8062666666666667,0.8446268005237887,30000.0
2,8986,Voting_Soft,Spoofing,0.8078505856283634,0.7656,0.7861580325512143,30000.0
2,8986,Vista_Tiempo,Benign,0.5930222182564469,0.6646,0.6267741783373414,30000.0
2,8986,Vista_Tiempo,DDoS,0.9791083060515036,0.967,0.9730164852672357,30000.0
2,8986,Vista_Tiempo,DoS,0.9951397326852977,0.9828,0.9889313745220366,30000.0
2,8986,Vista_Tiempo,Mirai,0.7118353969410051,0.6515666666666666,0.6803689523146537,30000.0
2,8986,Vista_Tiempo,Recon,0.6716540461636712,0.7362,0.7024474023185917,30000.0
2,8986,Vista_Tiempo,Spoofing,0.6625714179020875,0.5914333333333334,0.6249845893728315,30000.0
2,8986,Vista_Volumen,Benign,0.6621535057069649,0.7580333333333333,0.7068568941937088,30000.0
2,8986,Vista_Volumen,DDoS,0.996665305566898,0.9763333333333334,0.9863945578231292,30000.0
2,8986,Vista_Volumen,DoS,0.9997663083394538,0.9982333333333333,0.9989992327451046,30000.0
2,8986,Vista_Volumen,Mirai,0.8016287186305467,0.8039,0.8027627527669136,30000.0
2,8986,Vista_Volumen,Recon,0.8308544543936864,0.7299333333333333,0.7771310951806374,30000.0
2,8986,Vista_Volumen,Spoofing,0.7298229170153651,0.7267333333333333,0.7282748484291751,30000.0
2,8986,Vista_Banderas,Benign,0.5754843254667137,0.2723,0.36967982803484556,30000.0
2,8986,Vista_Banderas,DDoS,0.9859059950097782,0.9746666666666667,0.980254115122867,30000.0
2,8986,Vista_Banderas,DoS,0.9849320102903344,0.9826666666666667,0.9837980344062338,30000.0
2,8986,Vista_Banderas,Mirai,0.4078375225368544,0.7691,0.5330237715711414,30000.0
2,8986,Vista_Banderas,Recon,0.7556605538922155,0.5384333333333333,0.6288150109000311,30000.0
2,8986,Vista_Banderas,Spoofing,0.4269086535059789,0.40223333333333333,0.4142038238423781,30000.0
2,8986,Vista_Topologia,Benign,0.48790519344719413,0.4666,0.4770148236496848,30000.0
2,8986,Vista_Topologia,DDoS,0.9846967819710009,0.9802,0.9824432454103537,30000.0
2,8986,Vista_Topologia,DoS,0.9968328054675779,0.9966666666666667,0.9967497291440953,30000.0
2,8986,Vista_Topologia,Mirai,0.501458902408741,0.5385,0.5193197891217693,30000.0
2,8986,Vista_Topologia,Recon,0.6692838532497711,0.6336333333333334,0.650970857162426,30000.0
2,8986,Vista_Topologia,Spoofing,0.5548096257378219,0.5702333333333334,0.5624157543478976,30000.0
3,2125,MultiViewStacking,Benign,0.7621017156862745,0.8291666666666667,0.794220945083014,30000.0
3,2125,MultiViewStacking,DDoS,0.9977597501782017,0.9798333333333333,0.9887152923765157,30000.0
3,2125,MultiViewStacking,DoS,0.9998664529914529,0.9982666666666666,0.9990659194021884,30000.0
3,2125,MultiViewStacking,Mirai,0.8458974189715492,0.8543,0.8500779462005373,30000.0
3,2125,MultiViewStacking,Recon,0.9032292943126937,0.8353666666666667,0.8679735392927649,30000.0
3,2125,MultiViewStacking,Spoofing,0.8118583419723774,0.8092333333333334,0.8105437123349415,30000.0
3,2125,SingleView,Benign,0.773461196727841,0.8415,0.8060473506920609,30000.0
3,2125,SingleView,DDoS,0.9967670580228007,0.9763333333333334,0.9864443883135472,30000.0
3,2125,SingleView,DoS,1.0,0.9982666666666666,0.9991325815706946,30000.0
3,2125,SingleView,Mirai,0.8542032539182876,0.8593,0.8567440469266687,30000.0
3,2125,SingleView,Recon,0.9060581325194308,0.851,0.8776664317513794,30000.0
3,2125,SingleView,Spoofing,0.8034510649770827,0.7946666666666666,0.7990347231532376,30000.0
3,2125,Voting_Hard,Benign,0.6650070704690078,0.7524333333333333,0.7060240210183911,30000.0
3,2125,Voting_Hard,DDoS,0.9965937734178077,0.9752666666666666,0.985814885946292,30000.0
3,2125,Voting_Hard,DoS,0.9976346736849119,0.9982,0.9979172567772464,30000.0
3,2125,Voting_Hard,Mirai,0.669174706375839,0.8508333333333333,0.7491488612350317,30000.0
3,2125,Voting_Hard,Recon,0.8747491296334221,0.7119,0.784967380317927,30000.0
3,2125,Voting_Hard,Spoofing,0.7607163585109029,0.6116666666666667,0.6780976312774842,30000.0
3,2125,Voting_Soft,Benign,0.7398083787337967,0.7876,0.7629565048919887,30000.0
3,2125,Voting_Soft,DDoS,0.997715493726132,0.9753666666666667,0.9864145091693636,30000.0
3,2125,Voting_Soft,DoS,0.9991992526357935,0.9982666666666666,0.9987327419462416,30000.0
3,2125,Voting_Soft,Mirai,0.7782611322578696,0.8587333333333333,0.8165192862349846,30000.0
3,2125,Voting_Soft,Recon,0.8850913376546847,0.8010666666666667,0.8409854423292273,30000.0
3,2125,Voting_Soft,Spoofing,0.8067559983162621,0.7666333333333334,0.7861830860736994,30000.0
3,2125,Vista_Tiempo,Benign,0.5918524212144505,0.6673333333333333,0.6273305549462601,30000.0
3,2125,Vista_Tiempo,DDoS,0.9802633806154575,0.9652,0.9726733737550177,30000.0
3,2125,Vista_Tiempo,DoS,0.9949697849498667,0.9824,0.9886449405410845,30000.0
3,2125,Vista_Tiempo,Mirai,0.7165307854059837,0.6474333333333333,0.6802318454830406,30000.0
3,2125,Vista_Tiempo,Recon,0.663236083765885,0.7411,0.7000094455464249,30000.0
3,2125,Vista_Tiempo,Spoofing,0.6640894447602804,0.5840666666666666,0.6215128136915846,30000.0
3,2125,Vista_Volumen,Benign,0.6630403079974334,0.7577666666666667,0.7072457455744641,30000.0
3,2125,Vista_Volumen,DDoS,0.996152012531499,0.9751,0.9855135936394569,30000.0
3,2125,Vista_Volumen,DoS,0.9998664529914529,0.9982666666666666,0.9990659194021884,30000.0
3,2125,Vista_Volumen,Mirai,0.8007818970943908,0.8056666666666666,0.8032168552581294,30000.0
3,2125,Vista_Volumen,Recon,0.8333907188492291,0.7261333333333333,0.7760736742727872,30000.0
3,2125,Vista_Volumen,Spoofing,0.7268737115116047,0.7286666666666667,0.727769084795419,30000.0
3,2125,Vista_Banderas,Benign,0.5805945676195908,0.2714666666666667,0.36995480046335205,30000.0
3,2125,Vista_Banderas,DDoS,0.9857586393088553,0.9736666666666667,0.9796753420982023,30000.0
3,2125,Vista_Banderas,DoS,0.9851819641423601,0.9817666666666667,0.9834713503405904,30000.0
3,2125,Vista_Banderas,Mirai,0.40752752261412245,0.7749,0.5341436514866045,30000.0
3,2125,Vista_Banderas,Recon,0.7566915728743024,0.5333666666666667,0.6256989793923279,30000.0
3,2125,Vista_Banderas,Spoofing,0.4295522916298,0.4045666666666667,0.41668526306754783,30000.0
3,2125,Vista_Topologia,Benign,0.48507384882710686,0.46526666666666666,0.47496384517226714,30000.0
3,2125,Vista_Topologia,DDoS,0.985071622664296,0.9788,0.9819257971208346,30000.0
3,2125,Vista_Topologia,DoS,0.9966666666666667,0.9966666666666667,0.9966666666666667,30000.0
3,2125,Vista_Topologia,Mirai,0.4982832885947937,0.5321333333333333,0.514652309874593,30000.0
3,2125,Vista_Topologia,Recon,0.6628883291351805,0.6316,0.6468660385088079,30000.0
3,2125,Vista_Topologia,Spoofing,0.5578684159251802,0.5726333333333333,0.5651544560318452,30000.0
4,6477,MultiViewStacking,Benign,0.7616377064754375,0.8284333333333334,0.7936325461832,30000.0
4,6477,MultiViewStacking,DDoS,0.9978295520059687,0.9807666666666667,0.9892245364533427,30000.0
4,6477,MultiViewStacking,DoS,0.9998998263657005,0.9981666666666666,0.9990324948288517,30000.0
4,6477,MultiViewStacking,Mirai,0.841219872110182,0.8551,0.8481031490205803,30000.0
4,6477,MultiViewStacking,Recon,0.903991018397798,0.8320333333333333,0.8665208637089495,30000.0
4,6477,MultiViewStacking,Spoofing,0.8107084185469541,0.8060333333333334,0.8083641165360121,30000.0
4,6477,SingleView,Benign,0.7711200831956934,0.8403666666666667,0.8042555906466329,30000.0
4,6477,SingleView,DDoS,0.9978905107005546,0.9776333333333334,0.987658062669428,30000.0
4,6477,SingleView,DoS,0.9999332108866255,0.9981,0.9990157644507465,30000.0
4,6477,SingleView,Mirai,0.8510441753818746,0.8598666666666667,0.8554326739732387,30000.0
4,6477,SingleView,Recon,0.9049126676390026,0.8479333333333333,0.8754968938755141,30000.0
4,6477,SingleView,Spoofing,0.8042845539461215,0.7921666666666667,0.7981796198025123,30000.0
4,6477,Voting_Hard,Benign,0.6593930930144599,0.7554666666666666,0.7041680259744295,30000.0
4,6477,Voting_Hard,DDoS,0.9967998910601212,0.976,0.9862902954155017,30000.0
4,6477,Voting_Hard,DoS,0.9972356369691924,0.9980666666666667,0.9976509787588504,30000.0
4,6477,Voting_Hard,Mirai,0.6659430902814102,0.8487666666666667,0.7463215897766575,30000.0
4,6477,Voting_Hard,Recon,0.874744501676069,0.7132666666666667,0.7857956006022547,30000.0
4,6477,Voting_Hard,Spoofing,0.7746472887982322,0.6076333333333334,0.6810505865650452,30000.0
4,6477,Voting_Soft,Benign,0.7399899743091672,0.7873,0.762912238767402,30000.0
4,6477,Voting_Soft,DDoS,0.9977521967168449,0.9765333333333334,0.9870287389238908,30000.0
4,6477,Voting_Soft,DoS,0.9988991927413436,0.9981666666666666,0.9985327953582981,30000.0
4,6477,Voting_Soft,Mirai,0.7767457239907416,0.8613333333333333,0.8168555487062765,30000.0
4,6477,Voting_Soft,Recon,0.8875383308087339,0.8007666666666666,0.8419226523209561,30000.0
4,6477,Voting_Soft,Spoofing,0.8086454519853562,0.7657333333333334,0.7866045747157924,30000.0
4,6477,Vista_Tiempo,Benign,0.5900417680819736,0.6545333333333333,0.6206166342704531,30000.0
4,6477,Vista_Tiempo,DDoS,0.9805808791134307,0.9644666666666667,0.9724570218629741,30000.0
4,6477,Vista_Tiempo,DoS,0.9941408223052833,0.9841,0.9890949293934369,30000.0
4,6477,Vista_Tiempo,Mirai,0.7080369194848783,0.6469333333333334,0.6761073661841808,30000.0
4,6477,Vista_Tiempo,Recon,0.6511171630208791,0.7411666666666666,0.693229824315266,30000.0
4,6477,Vista_Tiempo,Spoofing,0.6661401548715182,0.5763666666666667,0.6180102578765838,30000.0
4,6477,Vista_Volumen,Benign,0.6545967351357511,0.7659,0.7058877743813459,30000.0
4,6477,Vista_Volumen,DDoS,0.9969361702127659,0.9761666666666666,0.9864421052631579,30000.0
4,6477,Vista_Volumen,DoS,0.9997662849320557,0.9981333333333333,0.998949141799136,30000.0
4,6477,Vista_Volumen,Mirai,0.8104539576669162,0.7938666666666667,0.8020745630283231,30000.0
4,6477,Vista_Volumen,Recon,0.8269398596091824,0.7264666666666667,0.7734539969834088,30000.0
4,6477,Vista_Volumen,Spoofing,0.7294180745508179,0.7253333333333334,0.7273699692472255,30000.0
4,6477,Vista_Banderas,Benign,0.573880967581755,0.26966666666666667,0.3669183844705989,30000.0
4,6477,Vista_Banderas,DDoS,0.9854408196279321,0.9746666666666667,0.9800241319211691,30000.0
4,6477,Vista_Banderas,DoS,0.9855353265408385,0.9834,0.9844665053808292,30000.0
4,6477,Vista_Banderas,Mirai,0.40612865988036523,0.774,0.5327276481519719,30000.0
4,6477,Vista_Banderas,Recon,0.7578420256991686,0.5347333333333333,0.6270325203252033,30000.0
4,6477,Vista_Banderas,Spoofing,0.4269514201903127,0.3978333333333333,0.4118783863063809,30000.0
4,6477,Vista_Topologia,Benign,0.48103785680545247,0.47523333333333334,0.47811797847010296,30000.0
4,6477,Vista_Topologia,DDoS,0.9858772224085878,0.9796333333333334,0.9827453603076408,30000.0
4,6477,Vista_Topologia,DoS,0.9967995732764369,0.9966666666666667,0.996733115541036,30000.0
4,6477,Vista_Topologia,Mirai,0.4983564872240139,0.5357,0.5163539390823801,30000.0
4,6477,Vista_Topologia,Recon,0.6701092915502422,0.6315333333333333,0.6502496868189385,30000.0
4,6477,Vista_Topologia,Spoofing,0.5640419510571001,0.5647,0.5643707837095028,30000.0
5,5661,MultiViewStacking,Benign,0.7653461978538516,0.8249666666666666,0.7940388533294833,30000.0
5,5661,MultiViewStacking,DDoS,0.9982350145950716,0.9803333333333333,0.989203188591033,30000.0
5,5661,MultiViewStacking,DoS,0.9999665998663995,0.9979666666666667,0.9989656322989656,30000.0
5,5661,MultiViewStacking,Mirai,0.8446028045055992,0.8573,0.8509040379811749,30000.0
5,5661,MultiViewStacking,Recon,0.9016986811926605,0.8387,0.8690591323570047,30000.0
5,5661,MultiViewStacking,Spoofing,0.8122450344412493,0.8097,0.8109705204820886,30000.0
5,5661,SingleView,Benign,0.7756169610437565,0.8402,0.8066178117699766,30000.0
5,5661,SingleView,DDoS,0.9976178322273269,0.9771666666666666,0.987286351772333,30000.0
5,5661,SingleView,DoS,0.9998998096383128,0.998,0.9989490015514739,30000.0
5,5661,SingleView,Mirai,0.8518347107438017,0.8589333333333333,0.8553692946058091,30000.0
5,5661,SingleView,Recon,0.904074612574914,0.8498,0.8760975274489252,30000.0
5,5661,SingleView,Spoofing,0.8018839360807402,0.7945333333333333,0.7981917120133947,30000.0
5,5661,Voting_Hard,Benign,0.6557334487234964,0.7577,0.7030387381118071,30000.0
5,5661,Voting_Hard,DDoS,0.9964945716911139,0.976,0.986140814711281,30000.0
5,5661,Voting_Hard,DoS,0.9975340731114,0.9978333333333333,0.9976836807812162,30000.0
5,5661,Voting_Hard,Mirai,0.6717935212009482,0.8502666666666666,0.7505664263645726,30000.0
5,5661,Voting_Hard,Recon,0.8780759702725021,0.7089,0.7844706750276651,30000.0
5,5661,Voting_Hard,Spoofing,0.7718182966362144,0.6111,0.6821200677171507,30000.0
5,5661,Voting_Soft,Benign,0.7442513326814497,0.7865,0.764792635690323,30000.0
5,5661,Voting_Soft,DDoS,0.9977863297347002,0.9766,0.9870794939608847,30000.0
5,5661,Voting_Soft,DoS,0.9988322823874821,0.9979333333333333,0.9983826055058109,30000.0
5,5661,Voting_Soft,Mirai,0.780158514902209,0.8629333333333333,0.8194609309466154,30000.0
5,5661,Voting_Soft,Recon,0.8865266393442623,0.8075666666666667,0.8452065308400781,30000.0
5,5661,Voting_Soft,Spoofing,0.8081898066783831,0.7664333333333333,0.7867579127459366,30000.0
5,5661,Vista_Tiempo,Benign,0.595767934667112,0.6541333333333333,0.6235879184607318,30000.0
5,5661,Vista_Tiempo,DDoS,0.9805260666711745,0.9667333333333333,0.9735808519923461,30000.0
5,5661,Vista_Tiempo,DoS,0.9948752528658126,0.9836,0.9892054978209855,30000.0
5,5661,Vista_Tiempo,Mirai,0.7155889060545869,0.6484666666666666,0.6803763158815095,30000.0
5,5661,Vista_Tiempo,Recon,0.6507270449048577,0.7443666666666666,0.6944042788065363,30000.0
5,5661,Vista_Tiempo,Spoofing,0.6619680851063829,0.5807666666666667,0.6187144886363637,30000.0
5,5661,Vista_Volumen,Benign,0.6501839216016623,0.7718333333333334,0.7058052520079863,30000.0
5,5661,Vista_Volumen,DDoS,0.9968344736035945,0.9762,0.9864093366341636,30000.0
5,5661,Vista_Volumen,DoS,0.9997662537148964,0.998,0.9988823460723639,30000.0
5,5661,Vista_Volumen,Mirai,0.8147680763983629,0.7963,0.805428186109238,30000.0
5,5661,Vista_Volumen,Recon,0.8441786844882166,0.72,0.7771601273679097,30000.0
5,5661,Vista_Volumen,Spoofing,0.7263712940240101,0.7301,0.7282308740898361,30000.0
5,5661,Vista_Banderas,Benign,0.5759665621734588,0.2756,0.3728102806898884,30000.0
5,5661,Vista_Banderas,DDoS,0.9851425106124925,0.9747,0.979893435206595,30000.0
5,5661,Vista_Banderas,DoS,0.9854248846693856,0.9826,0.9840104149280635,30000.0
5,5661,Vista_Banderas,Mirai,0.4076661167468146,0.7742666666666667,0.5341120743176435,30000.0
5,5661,Vista_Banderas,Recon,0.7699115044247787,0.5336,0.6303354859032918,30000.0
5,5661,Vista_Banderas,Spoofing,0.42593443898299094,0.4015,0.4133564405703598,30000.0
5,5661,Vista_Topologia,Benign,0.4778164924506388,0.47996666666666665,0.47888916604306975,30000.0
5,5661,Vista_Topologia,DDoS,0.9866944425777837,0.9788666666666667,0.9827649677052307,30000.0
5,5661,Vista_Topologia,DoS,0.9963007398520296,0.9965,0.9964003599640036,30000.0
5,5661,Vista_Topologia,Mirai,0.5037962818309639,0.5374666666666666,0.5200870897508265,30000.0
5,5661,Vista_Topologia,Recon,0.6673543604447864,0.6361666666666667,0.6513874193658487,30000.0
5,5661,Vista_Topologia,Spoofing,0.5670983928934699,0.5575333333333333,0.5622751874138568,30000.0
6,9651,MultiViewStacking,Benign,0.7667981753174701,0.8292666666666667,0.7968099417077702,30000.0
6,9651,MultiViewStacking,DDoS,0.9980986656707297,0.9799,0.9889156140144316,30000.0
6,9651,MultiViewStacking,DoS,0.9999332376406183,0.9985,0.9992161048751605,30000.0
6,9651,MultiViewStacking,Mirai,0.8462880658436214,0.8568666666666667,0.8515445134575569,30000.0
6,9651,MultiViewStacking,Recon,0.9044416471857579,0.8382666666666667,0.8700977424098262,30000.0
6,9651,MultiViewStacking,Spoofing,0.8127544550490556,0.8118333333333333,0.8122936330587333,30000.0
6,9651,SingleView,Benign,0.7732917354866337,0.8427333333333333,0.8065205601811976,30000.0
6,9651,SingleView,DDoS,0.99741109142935,0.976,0.9865893928162275,30000.0
6,9651,SingleView,DoS,0.9998998598037252,0.9985,0.9991994396077254,30000.0
6,9651,SingleView,Mirai,0.8552307384963708,0.8562,0.8557150947796249,30000.0
6,9651,SingleView,Recon,0.9056623855814944,0.8509,0.8774275598941326,30000.0
6,9651,SingleView,Spoofing,0.8020959290608626,0.796,0.799036338084722,30000.0
6,9651,Voting_Hard,Benign,0.6617058823529411,0.7499333333333333,0.7030625,30000.0
6,9651,Voting_Hard,DDoS,0.9962883508700242,0.9752666666666666,0.9856654370273047,30000.0
6,9651,Voting_Hard,DoS,0.9976016788248226,0.9983,0.9979507172489629,30000.0
6,9651,Voting_Hard,Mirai,0.6716830224420532,0.851,0.7507829846049787,30000.0
6,9651,Voting_Hard,Recon,0.8742182070882557,0.7128666666666666,0.7853405063988396,30000.0
6,9651,Voting_Hard,Spoofing,0.7664043082021541,0.6167,0.6834503140007389,30000.0
6,9651,Voting_Soft,Benign,0.7400922526593241,0.7862,0.7624496920913543,30000.0
6,9651,Voting_Soft,DDoS,0.9973753280839895,0.9753333333333334,0.9862311879602946,30000.0
6,9651,Voting_Soft,DoS,0.9990994596758055,0.9985,0.9987996398919676,30000.0
6,9651,Voting_Soft,Mirai,0.7791144022971135,0.8592333333333333,0.8172148688277721,30000.0
6,9651,Voting_Soft,Recon,0.8891057030300799,0.8049666666666667,0.8449467294134112,30000.0
6,9651,Voting_Soft,Spoofing,0.8065182384653085,0.7679666666666667,0.7867704811665471,30000.0
6,9651,Vista_Tiempo,Benign,0.5908140063665303,0.6496,0.6188140033341272,30000.0
6,9651,Vista_Tiempo,DDoS,0.9791145657316661,0.9657333333333333,0.9723779157576775,30000.0
6,9651,Vista_Tiempo,DoS,0.9949063923089897,0.9831333333333333,0.9889848268924469,30000.0
6,9651,Vista_Tiempo,Mirai,0.7148366606170599,0.6302,0.6698554421768708,30000.0
6,9651,Vista_Tiempo,Recon,0.6345141556409162,0.7433333333333333,0.6846266021951032,30000.0
6,9651,Vista_Tiempo,Spoofing,0.6633825944170771,0.5790666666666666,0.6183636784309537,30000.0
6,9651,Vista_Volumen,Benign,0.6552118147799012,0.7645666666666666,0.7056778500776839,30000.0
6,9651,Vista_Volumen,DDoS,0.9962555740885727,0.9755666666666667,0.9858025834919245,30000.0
6,9651,Vista_Volumen,DoS,0.9998331108144193,0.9985,0.9991661107404937,30000.0
6,9651,Vista_Volumen,Mirai,0.8116852092007372,0.7928,0.8021314626825402,30000.0
6,9651,Vista_Volumen,Recon,0.8271024493819671,0.7271333333333333,0.7739028630219604,30000.0
6,9651,Vista_Volumen,Spoofing,0.7273182121414277,0.7268333333333333,0.7270756918972991,30000.0
6,9651,Vista_Banderas,Benign,0.5716597481179202,0.2708333333333333,0.3675389591296677,30000.0
6,9651,Vista_Banderas,DDoS,0.9860248447204969,0.9736666666666667,0.9798067892123977,30000.0
6,9651,Vista_Banderas,DoS,0.9859795884222854,0.9822,0.9840861651498706,30000.0
6,9651,Vista_Banderas,Mirai,0.4067143257639473,0.7737333333333334,0.5331679529584712,30000.0
6,9651,Vista_Banderas,Recon,0.75416139166315,0.5361333333333334,0.6267266740701775,30000.0
6,9651,Vista_Banderas,Spoofing,0.4235804727572725,0.39363333333333334,0.4080581903626531,30000.0
6,9651,Vista_Topologia,Benign,0.48997718097244164,0.46523333333333333,0.4772847738736428,30000.0
6,9651,Vista_Topologia,DDoS,0.9857982205808293,0.9787333333333333,0.9822530735134231,30000.0
6,9651,Vista_Topologia,DoS,0.9960365041300293,0.9968333333333333,0.9964347594295615,30000.0
6,9651,Vista_Topologia,Mirai,0.4992530810407071,0.5347333333333333,0.5163844717697804,30000.0
6,9651,Vista_Topologia,Recon,0.669590334284406,0.6336333333333334,0.6511157923581496,30000.0
6,9651,Vista_Topologia,Spoofing,0.5531184864518198,0.5749666666666666,0.5638310043311269,30000.0
7,7167,MultiViewStacking,Benign,0.7652683048366502,0.8190666666666667,0.7912540855592587,30000.0
7,7167,MultiViewStacking,DDoS,0.99816899498169,0.9812666666666666,0.9896456666442547,30000.0
7,7167,MultiViewStacking,DoS,0.9999332264957265,0.9983333333333333,0.9991326394448893,30000.0
7,7167,MultiViewStacking,Mirai,0.8481855840927921,0.8531333333333333,0.8506522642293312,30000.0
7,7167,MultiViewStacking,Recon,0.8946308724832215,0.8442333333333333,0.8687017664208541,30000.0
7,7167,MultiViewStacking,Spoofing,0.8118616914758694,0.8108333333333333,0.8113471865514826,30000.0
7,7167,SingleView,Benign,0.772962701890956,0.8407,0.8054096345143623,30000.0
7,7167,SingleView,DDoS,0.997449413365074,0.9776666666666667,0.9874589681003283,30000.0
7,7167,SingleView,DoS,0.9998998397435898,0.9983,0.9990992794235388,30000.0
7,7167,SingleView,Mirai,0.8548263576732261,0.8557666666666667,0.8552962537271167,30000.0
7,7167,SingleView,Recon,0.9053306868930319,0.8514333333333334,0.8775552272649191,30000.0
7,7167,SingleView,Spoofing,0.8030033258306178,0.7967666666666666,0.7998728395268292,30000.0
7,7167,Voting_Hard,Benign,0.6674517052229907,0.7463,0.7046770741533426,30000.0
7,7167,Voting_Hard,DDoS,0.9959907583582496,0.9771333333333333,0.9864719343114821,30000.0
7,7167,Voting_Hard,DoS,0.9977343906177117,0.9982,0.9979671410004333,30000.0
7,7167,Voting_Hard,Mirai,0.6674567618253803,0.8541666666666666,0.7493566499005732,30000.0
7,7167,Voting_Hard,Recon,0.8790753059045742,0.7136333333333333,0.7877617102697133,30000.0
7,7167,Voting_Hard,Spoofing,0.7636828222881635,0.6176666666666667,0.6829573934837093,30000.0
7,7167,Voting_Soft,Benign,0.7417697729052467,0.7893666666666667,0.7648284214775939,30000.0
7,7167,Voting_Soft,DDoS,0.9975501037803259,0.9772333333333333,0.9872872080688343,30000.0
7,7167,Voting_Soft,DoS,0.9989993328885924,0.9983333333333333,0.9986662220740247,30000.0
7,7167,Voting_Soft,Mirai,0.7814187754111294,0.8584666666666667,0.8181327234029036,30000.0
7,7167,Voting_Soft,Recon,0.8873337485802221,0.8072666666666667,0.8454086886705182,30000.0
7,7167,Voting_Soft,Spoofing,0.8082586540151115,0.7666333333333334,0.7868959028312377,30000.0
7,7167,Vista_Tiempo,Benign,0.5929090909090909,0.6522,0.6211428571428571,30000.0
7,7167,Vista_Tiempo,DDoS,0.9788138452196208,0.9671333333333333,0.972938533248382,30000.0
7,7167,Vista_Tiempo,DoS,0.9946124318135902,0.9846,0.9895808904820932,30000.0
7,7167,Vista_Tiempo,Mirai,0.7150601076775573,0.6463666666666666,0.6789803564550579,30000.0
7,7167,Vista_Tiempo,Recon,0.6592789598108747,0.7436666666666667,0.6989348370927319,30000.0
7,7167,Vista_Tiempo,Spoofing,0.6599880158789604,0.5874333333333334,0.6216006490070897,30000.0
7,7167,Vista_Volumen,Benign,0.6606682314758469,0.7599666666666667,0.7068471066052798,30000.0
7,7167,Vista_Volumen,DDoS,0.9966673467999728,0.9769333333333333,0.9867016799649867,30000.0
7,7167,Vista_Volumen,DoS,0.9999332264957265,0.9983333333333333,0.9991326394448893,30000.0
7,7167,Vista_Volumen,Mirai,0.8048592234638746,0.7994666666666667,0.8021538821719427,30000.0
7,7167,Vista_Volumen,Recon,0.8324783707219968,0.7248666666666667,0.7749545632728698,30000.0
7,7167,Vista_Volumen,Spoofing,0.7243479412154111,0.7294666666666667,0.7268982926991298,30000.0
7,7167,Vista_Banderas,Benign,0.5811941365749017,0.27093333333333336,0.3695805388200523,30000.0
7,7167,Vista_Banderas,DDoS,0.9846863220247711,0.9752333333333333,0.9799370310825295,30000.0
7,7167,Vista_Banderas,DoS,0.9857686911204651,0.9836,0.9846831514666132,30000.0
7,7167,Vista_Banderas,Mirai,0.40770215078266053,0.7753,0.5343886776413285,30000.0
7,7167,Vista_Banderas,Recon,0.7700680924522874,0.5353,0.6315727376410902,30000.0
7,7167,Vista_Banderas,Spoofing,0.4244010398369985,0.4027,0.4132658297129956,30000.0
7,7167,Vista_Topologia,Benign,0.49008339757516295,0.4662,0.47784345211657386,30000.0
7,7167,Vista_Topologia,DDoS,0.9856194690265486,0.9801,0.9828519855595668,30000.0
7,7167,Vista_Topologia,DoS,0.9960026648900733,0.9966666666666667,0.996334555148284,30000.0
7,7167,Vista_Topologia,Mirai,0.503818459524329,0.5387666666666666,0.5207068185112997,30000.0
7,7167,Vista_Topologia,Recon,0.6669592388442229,0.6332333333333333,0.6496588752286989,30000.0
7,7167,Vista_Topologia,Spoofing,0.554725246408555,0.5740666666666666,0.5642302525964027,30000.0
8,1989,MultiViewStacking,Benign,0.7634859856026956,0.8308,0.7957219251336899,30000.0
8,1989,MultiViewStacking,DDoS,0.9981677524429967,0.9806,0.9893058918482648,30000.0
8,1989,MultiViewStacking,DoS,0.9999665987507933,0.9979333333333333,0.9989489314136039,30000.0
8,1989,MultiViewStacking,Mirai,0.8431063368483296,0.8555,0.849257954037822,30000.0
8,1989,MultiViewStacking,Recon,0.9040031651260655,0.8378,0.8696434441118973,30000.0
8,1989,MultiViewStacking,Spoofing,0.8156565656565656,0.8075,0.8115577889447236,30000.0
8,1989,SingleView,Benign,0.7758620689655172,0.8385,0.805965845375028,30000.0
8,1989,SingleView,DDoS,0.9976183185328842,0.9773666666666667,0.9873886615817211,30000.0
8,1989,SingleView,DoS,0.9999332019638623,0.9979666666666667,0.998948966483709,30000.0
8,1989,SingleView,Mirai,0.8535145888594164,0.8580666666666666,0.8557845744680851,30000.0
8,1989,SingleView,Recon,0.9057582323896132,0.8499333333333333,0.8769582638303727,30000.0
8,1989,SingleView,Spoofing,0.7983297143811592,0.7966,0.7974639192458497,30000.0
8,1989,Voting_Hard,Benign,0.6602098466505246,0.7634666666666666,0.7080937364743709,30000.0
8,1989,Voting_Hard,DDoS,0.9961924188339283,0.9767666666666667,0.9863839097870908,30000.0
8,1989,Voting_Hard,DoS,0.9974675108297234,0.9978,0.997633727712048,30000.0
8,1989,Voting_Hard,Mirai,0.6681769373805097,0.8504333333333334,0.7483683616150654,30000.0
8,1989,Voting_Hard,Recon,0.8826945412311266,0.7093333333333334,0.7865749981518445,30000.0
8,1989,Voting_Hard,Spoofing,0.772931502204137,0.6078333333333333,0.6805120167189133,30000.0
8,1989,Voting_Soft,Benign,0.741850962288281,0.7927666666666666,0.7664641711919302,30000.0
8,1989,Voting_Soft,DDoS,0.9976171023965141,0.9768666666666667,0.9871328482888709,30000.0
8,1989,Voting_Soft,DoS,0.9987989991659716,0.9979666666666667,0.9983826594414339,30000.0
8,1989,Voting_Soft,Mirai,0.779832034318168,0.8604666666666667,0.8181674114925042,30000.0
8,1989,Voting_Soft,Recon,0.8898248725338063,0.8028,0.8440752812532857,30000.0
8,1989,Voting_Soft,Spoofing,0.807719372317219,0.7652333333333333,0.7859025709492999,30000.0
8,1989,Vista_Tiempo,Benign,0.5974281391830559,0.6581666666666667,0.6263283108643933,30000.0
8,1989,Vista_Tiempo,DDoS,0.979834487417666,0.9669333333333333,0.9733411626541397,30000.0
8,1989,Vista_Tiempo,DoS,0.994601525069168,0.9826,0.9885643381736476,30000.0
8,1989,Vista_Tiempo,Mirai,0.7148191536096061,0.6508666666666667,0.6813455230651128,30000.0
8,1989,Vista_Tiempo,Recon,0.6560182038476314,0.7399666666666667,0.695468287410517,30000.0
8,1989,Vista_Tiempo,Spoofing,0.6601385959626394,0.5842666666666667,0.6198896590748337,30000.0
8,1989,Vista_Volumen,Benign,0.6568644212685929,0.7684,0.7082680431376164,30000.0
8,1989,Vista_Volumen,DDoS,0.9951426630434783,0.9765666666666667,0.9857671601615074,30000.0
8,1989,Vista_Volumen,DoS,0.9995659577309606,0.9979333333333333,0.9987489783323047,30000.0
8,1989,Vista_Volumen,Mirai,0.8022077270446563,0.7994,0.800801402454295,30000.0
8,1989,Vista_Volumen,Recon,0.8494454495398411,0.7199333333333333,0.779345433551041,30000.0
8,1989,Vista_Volumen,Spoofing,0.7275286480757767,0.7322333333333333,0.729873409309898,30000.0
8,1989,Vista_Banderas,Benign,0.5729210489412425,0.27236666666666665,0.36921060955221185,30000.0
8,1989,Vista_Banderas,DDoS,0.9849530413707207,0.9753333333333334,0.980119583968379,30000.0
8,1989,Vista_Banderas,DoS,0.9851460305777658,0.9815666666666667,0.9833530914494665,30000.0
8,1989,Vista_Banderas,Mirai,0.40597413082012673,0.7710666666666667,0.5318985042366549,30000.0
8,1989,Vista_Banderas,Recon,0.7653807543381614,0.5337,0.6288811642019678,30000.0
8,1989,Vista_Banderas,Spoofing,0.42727143969973796,0.40223333333333333,0.4143745063699736,30000.0
8,1989,Vista_Topologia,Benign,0.48061579208740274,0.4839,0.48225230462586166,30000.0
8,1989,Vista_Topologia,DDoS,0.9855189058728882,0.98,0.9827517047733654,30000.0
8,1989,Vista_Topologia,DoS,0.996832699873308,0.9966333333333334,0.9967330066339968,30000.0
8,1989,Vista_Topologia,Mirai,0.5047227539460885,0.5361333333333334,0.5199540950749187,30000.0
8,1989,Vista_Topologia,Recon,0.6711587436332768,0.6325,0.6512561779242174,30000.0
8,1989,Vista_Topologia,Spoofing,0.5622192423734496,0.5590333333333334,0.5606217616580311,30000.0
9,8140,MultiViewStacking,Benign,0.7635339040463139,0.8265,0.7937702084066972,30000.0
9,8140,MultiViewStacking,DDoS,0.9978979488048821,0.9811,0.9894276829985713,30000.0
9,8140,MultiViewStacking,DoS,0.9999666065584719,0.9981666666666666,0.9990658259099856,30000.0
9,8140,MultiViewStacking,Mirai,0.8448775348959705,0.8554666666666667,0.850139128130383,30000.0
9,8140,MultiViewStacking,Recon,0.9026701119724375,0.8384,0.8693488179178764,30000.0
9,8140,MultiViewStacking,Spoofing,0.8122633606969342,0.8080666666666667,0.8101595789121898,30000.0
9,8140,SingleView,Benign,0.7734560113241222,0.8378333333333333,0.8043586092132422,30000.0
9,8140,SingleView,DDoS,0.9972797442959638,0.9776333333333334,0.9873588176875557,30000.0
9,8140,SingleView,DoS,1.0,0.9981,0.9990490966418097,30000.0
9,8140,SingleView,Mirai,0.8541826298430889,0.8546666666666667,0.8544245797024177,30000.0
9,8140,SingleView,Recon,0.9039616272872624,0.8480666666666666,0.8751225384813828,30000.0
9,8140,SingleView,Spoofing,0.7992263830071026,0.7989333333333334,0.7990798313024055,30000.0
9,8140,Voting_Hard,Benign,0.6589806534572448,0.7516333333333334,0.7022641626958174,30000.0
9,8140,Voting_Hard,DDoS,0.9959898045879354,0.9769,0.9863525452250737,30000.0
9,8140,Voting_Hard,DoS,0.9980000666644445,0.9980333333333333,0.9980166997216713,30000.0
9,8140,Voting_Hard,Mirai,0.6724488448844884,0.8489666666666666,0.7504677716390423,30000.0
9,8140,Voting_Hard,Recon,0.8761315505356698,0.7033,0.7802596057838098,30000.0
9,8140,Voting_Hard,Spoofing,0.7561375466207632,0.6149666666666667,0.6782845272891046,30000.0
9,8140,Voting_Soft,Benign,0.7391643037422491,0.7907333333333333,0.7640796869212311,30000.0
9,8140,Voting_Soft,DDoS,0.9974816226517833,0.977,0.9871345817055099,30000.0
9,8140,Voting_Soft,DoS,0.9989657358289127,0.9980666666666667,0.9985159988661564,30000.0
9,8140,Voting_Soft,Mirai,0.7838659652750327,0.8593,0.819851479638081,30000.0
9,8140,Voting_Soft,Recon,0.8887821105156163,0.8015333333333333,0.8429059679256857,30000.0
9,8140,Voting_Soft,Spoofing,0.8043204697986577,0.767,0.7852170352170352,30000.0
9,8140,Vista_Tiempo,Benign,0.5885801063022019,0.6459666666666667,0.6159396106475964,30000.0
9,8140,Vista_Tiempo,DDoS,0.9806423229212494,0.9659,0.9732153352701137,30000.0
9,8140,Vista_Tiempo,DoS,0.995274740110706,0.9829333333333333,0.9890655396793453,30000.0
9,8140,Vista_Tiempo,Mirai,0.7190740740740741,0.6471666666666667,0.6812280701754386,30000.0
9,8140,Vista_Tiempo,Recon,0.641014517901556,0.7388333333333333,0.6864566880361733,30000.0
9,8140,Vista_Tiempo,Spoofing,0.6615501519756839,0.5804,0.6183238636363636,30000.0
9,8140,Vista_Volumen,Benign,0.6485489909083233,0.7680333333333333,0.7032520945564423,30000.0
9,8140,Vista_Volumen,DDoS,0.9962952892393447,0.9771,0.986604287974151,30000.0
9,8140,Vista_Volumen,DoS,0.9999332131169438,0.9981333333333333,0.999032462549628,30000.0
9,8140,Vista_Volumen,Mirai,0.8128666939555191,0.7943333333333333,0.8034931553037966,30000.0
9,8140,Vista_Volumen,Recon,0.8435655253837072,0.7145,0.7736870600974554,30000.0
9,8140,Vista_Volumen,Spoofing,0.7211889792290728,0.7303,0.7257158945991156,30000.0
9,8140,Vista_Banderas,Benign,0.5737552682334452,0.2677333333333333,0.36509920680015456,30000.0
9,8140,Vista_Banderas,DDoS,0.9847505554433448,0.9751,0.9799015174354336,30000.0
9,8140,Vista_Banderas,DoS,0.9851918705709319,0.9824333333333334,0.9838106682689098,30000.0
9,8140,Vista_Banderas,Mirai,0.40673874252125536,0.775,0.5334893646313761,30000.0
9,8140,Vista_Banderas,Recon,0.7584200567644276,0.5344333333333333,0.6270238560813454,30000.0
9,8140,Vista_Banderas,Spoofing,0.42237418527620474,0.3953,0.40838886306110855,30000.0
9,8140,Vista_Topologia,Benign,0.4886099649804098,0.46973333333333334,0.47898574123485327,30000.0
9,8140,Vista_Topologia,DDoS,0.9848169995978013,0.9794333333333334,0.9821177886222341,30000.0
9,8140,Vista_Topologia,DoS,0.9964335710952603,0.9965,0.9964667844405186,30000.0
9,8140,Vista_Topologia,Mirai,0.5034962832304397,0.5328333333333334,0.5177495627388742,30000.0
9,8140,Vista_Topologia,Recon,0.672784068723155,0.6317666666666667,0.6516305375530763,30000.0
9,8140,Vista_Topologia,Spoofing,0.549964970384052,0.5756666666666667,0.5625223934073809,30000.0
10,28,MultiViewStacking,Benign,0.7652948062349825,0.8281,0.7954596394607921,30000.0
10,28,MultiViewStacking,DDoS,0.9980980844993886,0.9796,0.9887625328039836,30000.0
10,28,MultiViewStacking,DoS,0.9999332242663016,0.9983,0.999115944688162,30000.0
10,28,MultiViewStacking,Mirai,0.8401535358792531,0.8609333333333333,0.8504165157551612,30000.0
10,28,MultiViewStacking,Recon,0.9029442278109684,0.8413333333333334,0.8710506789984988,30000.0
10,28,MultiViewStacking,Spoofing,0.8185615321923391,0.8035,0.8109608397254744,30000.0
10,28,SingleView,Benign,0.7740989879042212,0.8362333333333334,0.8039674400717857,30000.0
10,28,SingleView,DDoS,0.9974479379338506,0.9771,0.9871691250757729,30000.0
10,28,SingleView,DoS,0.9998664619082593,0.9983333333333333,0.9990993094705941,30000.0
10,28,SingleView,Mirai,0.8520829207103717,0.8604333333333334,0.8562377682688161,30000.0
10,28,SingleView,Recon,0.9022402540130534,0.8524666666666667,0.8766475276373297,30000.0
10,28,SingleView,Spoofing,0.8010198912566276,0.7906333333333333,0.7957927228196139,30000.0
10,28,Voting_Hard,Benign,0.6602830490250211,0.7573666666666666,0.7055006132492897,30000.0
10,28,Voting_Hard,DDoS,0.9965973663615638,0.9763,0.986344272508377,30000.0
10,28,Voting_Hard,DoS,0.9973357311752756,0.9982333333333333,0.9977843303846602,30000.0
10,28,Voting_Hard,Mirai,0.6651933127063779,0.8528,0.7474036312645156,30000.0
10,28,Voting_Hard,Recon,0.882219190541155,0.7113333333333334,0.7876137223421728,30000.0
10,28,Voting_Hard,Spoofing,0.7715852569825278,0.605,0.6782131046466006,30000.0
10,28,Voting_Soft,Benign,0.746943687844429,0.7861333333333334,0.7660376132783318,30000.0
10,28,Voting_Soft,DDoS,0.9976497036582873,0.9763,0.9868593955321945,30000.0
10,28,Voting_Soft,DoS,0.9986329232102964,0.9983333333333333,0.9984831057992032,30000.0
10,28,Voting_Soft,Mirai,0.7761113444117823,0.8624666666666667,0.8170134832170262,30000.0
10,28,Voting_Soft,Recon,0.8871532846715329,0.8102666666666667,0.8469686411149826,30000.0
10,28,Voting_Soft,Spoofing,0.8081442535022407,0.7634,0.7851351582989081,30000.0
10,28,Vista_Tiempo,Benign,0.5913035617429037,0.6541,0.6211186022220112,30000.0
10,28,Vista_Tiempo,DDoS,0.9796290665855883,0.9666,0.9730709216288317,30000.0
10,28,Vista_Tiempo,DoS,0.9940014827795376,0.9832,0.9885712370546637,30000.0
10,28,Vista_Tiempo,Mirai,0.7121584448927196,0.6472333333333333,0.6781454640705492,30000.0
10,28,Vista_Tiempo,Recon,0.6554735511188214,0.7430666666666667,0.6965270508834696,30000.0
10,28,Vista_Tiempo,Spoofing,0.6614886731391586,0.5791333333333334,0.6175775348795877,30000.0
10,28,Vista_Volumen,Benign,0.6568368460345718,0.7625,0.7057353530990652,30000.0
10,28,Vista_Volumen,DDoS,0.9968347968143761,0.9763,0.9864605435990704,30000.0
10,28,Vista_Volumen,DoS,0.9998330773853241,0.9983,0.9990659505620976,30000.0
10,28,Vista_Volumen,Mirai,0.7999802352011068,0.8095,0.804711963815299,30000.0
10,28,Vista_Volumen,Recon,0.8435589941972921,0.7268666666666667,0.7808773500447628,30000.0
10,28,Vista_Volumen,Spoofing,0.7306874557051737,0.7217,0.7261659204105247,30000.0
10,28,Vista_Banderas,Benign,0.5754052149400987,0.27216666666666667,0.369540620049785,30000.0
10,28,Vista_Banderas,DDoS,0.9853763730709617,0.9748,0.9800596534736419,30000.0
10,28,Vista_Banderas,DoS,0.985388036245695,0.9823333333333333,0.9838583137195988,30000.0
10,28,Vista_Banderas,Mirai,0.4067391648073646,0.7717333333333334,0.5327136135111193,30000.0
10,28,Vista_Banderas,Recon,0.7595002602811036,0.5349666666666667,0.6277600672781678,30000.0
10,28,Vista_Banderas,Spoofing,0.4283888829730593,0.4023,0.41493476355010056,30000.0
10,28,Vista_Topologia,Benign,0.48145298859417335,0.4798,0.48062507304205554,30000.0
10,28,Vista_Topologia,DDoS,0.9850390795344001,0.9788333333333333,0.9819264014980522,30000.0
10,28,Vista_Topologia,DoS,0.9970640242885264,0.9961666666666666,0.9966151434812333,30000.0
10,28,Vista_Topologia,Mirai,0.49976671125073874,0.5355666666666666,0.517047740108449,30000.0
10,28,Vista_Topologia,Recon,0.6754845656855707,0.6273,0.6505012098167992,30000.0
10,28,Vista_Topologia,Spoofing,0.5611679313757836,0.5669666666666666,0.5640523959542364,30000.0
11,4534,MultiViewStacking,Benign,0.7697323480096876,0.8263333333333334,0.7970292254766421,30000.0
11,4534,MultiViewStacking,DDoS,0.997696867061812,0.9819,0.9897354052918942,30000.0
11,4534,MultiViewStacking,DoS,1.0,0.9980666666666667,0.9990323979847185,30000.0
11,4534,MultiViewStacking,Mirai,0.8454772220034135,0.8586666666666667,0.8520209036184428,30000.0
11,4534,MultiViewStacking,Recon,0.8965809550720543,0.8461333333333333,0.8706269721498148,30000.0
11,4534,MultiViewStacking,Spoofing,0.8212678106068299,0.8088666666666666,0.8150200681814365,30000.0
11,4534,SingleView,Benign,0.7777503395480924,0.8398666666666667,0.8076158728123598,30000.0
11,4534,SingleView,DDoS,0.9970770171980151,0.9778666666666667,0.9873784120359462,30000.0
11,4534,SingleView,DoS,0.9998664262338877,0.9980666666666667,0.9989657358289127,30000.0
11,4534,SingleView,Mirai,0.8557507457739476,0.8606,0.858168522519528,30000.0
11,4534,SingleView,Recon,0.9021227243972728,0.8556333333333334,0.8782632497348343,30000.0
11,4534,SingleView,Spoofing,0.8055180332297717,0.7951,0.8002751123934778,30000.0
11,4534,Voting_Hard,Benign,0.654544940004528,0.7709666666666667,0.7080017142157463,30000.0
11,4534,Voting_Hard,DDoS,0.9967695865070729,0.9771,0.9868367896579585,30000.0
11,4534,Voting_Hard,DoS,0.9973017988007995,0.9979666666666667,0.9976341219593469,30000.0
11,4534,Voting_Hard,Mirai,0.674091907193312,0.8493333333333334,0.7516335049189516,30000.0
11,4534,Voting_Hard,Recon,0.8862797718886279,0.7045333333333333,0.7850245134452533,30000.0
11,4534,Voting_Hard,Spoofing,0.7728602314638179,0.6077,0.6804008285282427,30000.0
11,4534,Voting_Soft,Benign,0.743034249577359,0.7911333333333334,0.766329792386426,30000.0
11,4534,Voting_Soft,DDoS,0.9978545887961859,0.9767333333333333,0.9871809989050787,30000.0
11,4534,Voting_Soft,DoS,0.9988990825688073,0.9980666666666667,0.998482701125469,30000.0
11,4534,Voting_Soft,Mirai,0.7818220326162597,0.8613333333333333,0.8196539309447908,30000.0
11,4534,Voting_Soft,Recon,0.8868890839918057,0.8081333333333334,0.8456815962048276,30000.0
11,4534,Voting_Soft,Spoofing,0.8110550280611345,0.7659333333333334,0.787848656803415,30000.0
11,4534,Vista_Tiempo,Benign,0.5835261849661438,0.6808,0.6284211012138274,30000.0
11,4534,Vista_Tiempo,DDoS,0.9788820294841952,0.9672333333333333,0.9730228191070202,30000.0
11,4534,Vista_Tiempo,DoS,0.9950755531570427,0.9834,0.9892033261802575,30000.0
11,4534,Vista_Tiempo,Mirai,0.7108965616251526,0.6602333333333333,0.6846289447305658,30000.0
11,4534,Vista_Tiempo,Recon,0.6909911604288133,0.7348,0.7122225453135601,30000.0
11,4534,Vista_Tiempo,Spoofing,0.6716003700277521,0.5808,0.6229086229086229,30000.0
11,4534,Vista_Volumen,Benign,0.6502855550912383,0.7780666666666667,0.7084604294711283,30000.0
11,4534,Vista_Volumen,DDoS,0.9967014656374332,0.977,0.9867524029154814,30000.0
11,4534,Vista_Volumen,DoS,0.9998664262338877,0.9980666666666667,0.9989657358289127,30000.0
11,4534,Vista_Volumen,Mirai,0.813612069548745,0.8017333333333333,0.8076290252174205,30000.0
11,4534,Vista_Volumen,Recon,0.8510186423346181,0.7212666666666666,0.7807887994803883,30000.0
11,4534,Vista_Volumen,Spoofing,0.7338059400618197,0.7280333333333333,0.7309082390736898,30000.0
11,4534,Vista_Banderas,Benign,0.5716167498613423,0.2748333333333333,0.3711957500450207,30000.0
11,4534,Vista_Banderas,DDoS,0.9848173708129945,0.9751333333333333,0.9799514278536136,30000.0
11,4534,Vista_Banderas,DoS,0.9854297553802968,0.9829333333333333,0.9841799612842934,30000.0
11,4534,Vista_Banderas,Mirai,0.40988525107906093,0.7787,0.537071522173943,30000.0
11,4534,Vista_Banderas,Recon,0.7650133029266438,0.5367333333333333,0.6308572324087134,30000.0
11,4534,Vista_Banderas,Spoofing,0.43139222361583945,0.40126666666666666,0.41578447457041706,30000.0
11,4534,Vista_Topologia,Benign,0.48299136069114473,0.4770666666666667,0.4800107324926214,30000.0
11,4534,Vista_Topologia,DDoS,0.9847936763129689,0.9800666666666666,0.9824244854317028,30000.0
11,4534,Vista_Topologia,DoS,0.9962010130631832,0.9964666666666666,0.9963338221570457,30000.0
11,4534,Vista_Topologia,Mirai,0.5002334049108393,0.5358,0.5174062092607793,30000.0
11,4534,Vista_Topologia,Recon,0.6754196854567945,0.6370333333333333,0.655665151385196,30000.0
11,4534,Vista_Topologia,Spoofing,0.5602473733209203,0.5616666666666666,0.5609561222451561,30000.0
12,9243,MultiViewStacking,Benign,0.7647510755992625,0.8295,0.795810681164055,30000.0
12,9243,MultiViewStacking,DDoS,0.9983031290300686,0.9805333333333334,0.9893384454982679,30000.0
12,9243,MultiViewStacking,DoS,0.9997996661101837,0.9981333333333333,0.9989658048373645,30000.0
12,9243,MultiViewStacking,Mirai,0.8434517366919216,0.8572,0.8502702970788077,30000.0
12,9243,MultiViewStacking,Recon,0.901135102230816,0.8388666666666666,0.8688867022286672,30000.0
12,9243,MultiViewStacking,Spoofing,0.8170649385716214,0.8069333333333333,0.8119675320319313,30000.0
12,9243,SingleView,Benign,0.7727244997559786,0.8444333333333334,0.8069890417940877,30000.0
12,9243,SingleView,DDoS,0.9975158238617029,0.9771,0.9872023709291752,30000.0
12,9243,SingleView,DoS,1.0,0.9981666666666666,0.9990824922845942,30000.0
12,9243,SingleView,Mirai,0.8560880699770512,0.858,0.8570429686849684,30000.0
12,9243,SingleView,Recon,0.9035705438975193,0.8511333333333333,0.8765684271957981,30000.0
12,9243,SingleView,Spoofing,0.805676782029162,0.7938333333333333,0.7997112107322151,30000.0
12,9243,Voting_Hard,Benign,0.662870159453303,0.7469,0.7023807657947119,30000.0
12,9243,Voting_Hard,DDoS,0.9965986394557823,0.9766666666666667,0.9865319865319865,30000.0
12,9243,Voting_Hard,DoS,0.9973686840089265,0.9981333333333333,0.9977508621695017,30000.0
12,9243,Voting_Hard,Mirai,0.6667624095882184,0.8511666666666666,0.7477634449536583,30000.0
12,9243,Voting_Hard,Recon,0.8768452650191209,0.7108,0.7851396380640292,30000.0
12,9243,Voting_Hard,Spoofing,0.7570990976074178,0.6096666666666667,0.675431145906422,30000.0
12,9243,Voting_Soft,Benign,0.7396338601157878,0.7878333333333334,0.7629731256557178,30000.0
12,9243,Voting_Soft,DDoS,0.9971413013885108,0.9766666666666667,0.9867977906506803,30000.0
12,9243,Voting_Soft,DoS,0.9992325146823278,0.9981666666666666,0.9986993062966916,30000.0
12,9243,Voting_Soft,Mirai,0.7802277463980427,0.8610333333333333,0.8186413551586987,30000.0
12,9243,Voting_Soft,Recon,0.8875887699157375,0.8040666666666667,0.843765849904682,30000.0
12,9243,Voting_Soft,Spoofing,0.8051321764229645,0.7624333333333333,0.7832012189902241,30000.0
12,9243,Vista_Tiempo,Benign,0.5906256526538771,0.6598666666666667,0.6233291874616245,30000.0
12,9243,Vista_Tiempo,DDoS,0.9790646631774439,0.9665,0.9727417596242557,30000.0
12,9243,Vista_Tiempo,DoS,0.9945417789757413,0.9839333333333333,0.9892091152815013,30000.0
12,9243,Vista_Tiempo,Mirai,0.7175958380991034,0.6483,0.6811901301157557,30000.0
12,9243,Vista_Tiempo,Recon,0.6570936414124915,0.7375,0.6949788757833236,30000.0
12,9243,Vista_Tiempo,Spoofing,0.6618081320511849,0.5827,0.619739780905449,30000.0
12,9243,Vista_Volumen,Benign,0.6608786247612433,0.7612,0.7075006970908077,30000.0
12,9243,Vista_Volumen,DDoS,0.9962597755865352,0.9766666666666667,0.9863659316613365,30000.0
12,9243,Vista_Volumen,DoS,0.9996661547706484,0.9981333333333333,0.998899156019615,30000.0
12,9243,Vista_Volumen,Mirai,0.8036271839500432,0.8064666666666667,0.8050444215219779,30000.0
12,9243,Vista_Volumen,Recon,0.8339802467238,0.7233666666666667,0.7747451848413988,30000.0
12,9243,Vista_Volumen,Spoofing,0.7270906359539309,0.726,0.7265449086815111,30000.0
12,9243,Vista_Banderas,Benign,0.5658350658350658,0.27216666666666667,0.36754445194688273,30000.0
12,9243,Vista_Banderas,DDoS,0.9848510351792628,0.9751666666666666,0.9799849258856043,30000.0
12,9243,Vista_Banderas,DoS,0.9861566240888117,0.9830666666666666,0.9846092211130771,30000.0
12,9243,Vista_Banderas,Mirai,0.4079345531315975,0.7729,0.534016582220175,30000.0
12,9243,Vista_Banderas,Recon,0.7682295446847631,0.5292333333333333,0.6267195610555194,30000.0
12,9243,Vista_Banderas,Spoofing,0.42267678897792776,0.40086666666666665,0.4114829261616369,30000.0
12,9243,Vista_Topologia,Benign,0.4927418212717745,0.4639,0.4778861341940801,30000.0
12,9243,Vista_Topologia,DDoS,0.9861941551897884,0.9786333333333334,0.9823991969215325,30000.0
12,9243,Vista_Topologia,DoS,0.996001466129086,0.9963666666666666,0.9961840329272966,30000.0
12,9243,Vista_Topologia,Mirai,0.5013569579187073,0.5357333333333333,0.5179754097039818,30000.0
12,9243,Vista_Topologia,Recon,0.6660899653979239,0.6416666666666667,0.6536502546689303,30000.0
12,9243,Vista_Topologia,Spoofing,0.552227738732349,0.5709666666666666,0.5614408862958471,30000.0
13,4857,MultiViewStacking,Benign,0.76271812390361,0.8261,0.7931448322212088,30000.0
13,4857,MultiViewStacking,DDoS,0.998133061778683,0.9801666666666666,0.9890682811974436,30000.0
13,4857,MultiViewStacking,DoS,0.9998664128510837,0.9979666666666667,0.998915636521362,30000.0
13,4857,MultiViewStacking,Mirai,0.8406972955360053,0.8600333333333333,0.8502553962761575,30000.0
13,4857,MultiViewStacking,Recon,0.8972946069892282,0.8413333333333334,0.8684133565001978,30000.0
13,4857,MultiViewStacking,Spoofing,0.8220932217858972,0.8025,0.8121784599814456,30000.0
13,4857,SingleView,Benign,0.7775673661989321,0.8349,0.8052144280846139,30000.0
13,4857,SingleView,DDoS,0.9975137933383285,0.9763,0.986792897813416,30000.0
13,4857,SingleView,DoS,0.9998998096383128,0.998,0.9989490015514739,30000.0
13,4857,SingleView,Mirai,0.8544695790414997,0.8599666666666667,0.857209310052664,30000.0
13,4857,SingleView,Recon,0.9033497884344147,0.8539666666666667,0.8779643591501028,30000.0
13,4857,SingleView,Spoofing,0.8006682258603408,0.7988,0.7997330218588353,30000.0
13,4857,Voting_Hard,Benign,0.664216906274705,0.7561666666666667,0.7072155627951927,30000.0
13,4857,Voting_Hard,DDoS,0.996968045240853,0.9755,0.9861171951342791,30000.0
13,4857,Voting_Hard,DoS,0.9977670388268622,0.9979333333333333,0.9978501791517373,30000.0
13,4857,Voting_Hard,Mirai,0.6698492858833741,0.8489,0.7488201825960393,30000.0
13,4857,Voting_Hard,Recon,0.8795843771818145,0.7139,0.7881285764227492,30000.0
13,4857,Voting_Hard,Spoofing,0.760530679933665,0.6114666666666667,0.6779009608277901,30000.0
13,4857,Voting_Soft,Benign,0.7422592825676526,0.7863,0.7636451926189706,30000.0
13,4857,Voting_Soft,DDoS,0.9972395460586853,0.9754,0.9861988777109347,30000.0
13,4857,Voting_Soft,DoS,0.9991323210412147,0.9979666666666667,0.9985491536729759,30000.0
13,4857,Voting_Soft,Mirai,0.7803482210446632,0.8590333333333333,0.8178024593415312,30000.0
13,4857,Voting_Soft,Recon,0.8851037359581397,0.8063,0.8438661061591864,30000.0
13,4857,Voting_Soft,Spoofing,0.805413544365852,0.7667,0.7855801086102667,30000.0
13,4857,Vista_Tiempo,Benign,0.5900189326706898,0.6648333333333334,0.625195912481976,30000.0
13,4857,Vista_Tiempo,DDoS,0.9780920874966244,0.9658333333333333,0.9719240574265396,30000.0
13,4857,Vista_Tiempo,DoS,0.9950486712250328,0.9847333333333333,0.9898641290690077,30000.0
13,4857,Vista_Tiempo,Mirai,0.71682398667407,0.6455,0.679294922388845,30000.0
13,4857,Vista_Tiempo,Recon,0.6649726581074655,0.7458333333333333,0.7030857214680744,30000.0
13,4857,Vista_Tiempo,Spoofing,0.665903890160183,0.582,0.6211312700106724,30000.0
13,4857,Vista_Volumen,Benign,0.6627031083148143,0.7654,0.7103590156073567,30000.0
13,4857,Vista_Volumen,DDoS,0.9971377947389941,0.9754666666666667,0.9861831906719687,30000.0
13,4857,Vista_Volumen,DoS,0.9998330216403954,0.9979666666666667,0.998898972374216,30000.0
13,4857,Vista_Volumen,Mirai,0.7993004223864836,0.8074,0.8033297957017776,30000.0
13,4857,Vista_Volumen,Recon,0.8336564412513779,0.7310333333333333,0.778979522972277,30000.0
13,4857,Vista_Volumen,Spoofing,0.732749252920402,0.7192666666666667,0.7259453640156103,30000.0
13,4857,Vista_Banderas,Benign,0.5795863626738195,0.2737,0.3718160617655716,30000.0
13,4857,Vista_Banderas,DDoS,0.9849603776766144,0.9736333333333334,0.9792641019193697,30000.0
13,4857,Vista_Banderas,DoS,0.985669906804289,0.9836,0.9846338655588368,30000.0
13,4857,Vista_Banderas,Mirai,0.4075911073589419,0.7724666666666666,0.5336188634060974,30000.0
13,4857,Vista_Banderas,Recon,0.7669014421925159,0.5335333333333333,0.6292779776296907,30000.0
13,4857,Vista_Banderas,Spoofing,0.4254401346706881,0.40436666666666665,0.41463581365143387,30000.0
13,4857,Vista_Topologia,Benign,0.48816827344434705,0.46416666666666667,0.4758650149508757,30000.0
13,4857,Vista_Topologia,DDoS,0.9865873336022589,0.9783,0.9824261899979916,30000.0
13,4857,Vista_Topologia,DoS,0.9965656363575739,0.9962666666666666,0.9964161290860296,30000.0
13,4857,Vista_Topologia,Mirai,0.502060072338418,0.5321,0.5166437414030262,30000.0
13,4857,Vista_Topologia,Recon,0.6693246598817892,0.6379333333333334,0.6532520949601488,30000.0
13,4857,Vista_Topologia,Spoofing,0.5509123389051933,0.5756666666666667,0.5630175392840843,30000.0
14,6919,MultiViewStacking,Benign,0.7689445615775766,0.8266666666666667,0.7967615498297244,30000.0
14,6919,MultiViewStacking,DDoS,0.9982021709633649,0.9809,0.9894754539340955,30000.0
14,6919,MultiViewStacking,DoS,0.9999331997327989,0.9979333333333333,0.9989322655989322,30000.0
14,6919,MultiViewStacking,Mirai,0.8401688585809385,0.8624333333333334,0.8511555226581133,30000.0
14,6919,MultiViewStacking,Recon,0.9040674531374394,0.8327666666666667,0.866953534372072,30000.0
14,6919,MultiViewStacking,Spoofing,0.8112645907889896,0.8085333333333333,0.8098966593766173,30000.0
14,6919,SingleView,Benign,0.7753428011753183,0.8444,0.8083992851672198,30000.0
14,6919,SingleView,DDoS,0.997448458869157,0.9773,0.9872714415597535,30000.0
14,6919,SingleView,DoS,0.9999331997327989,0.9979333333333333,0.9989322655989322,30000.0
14,6919,SingleView,Mirai,0.8553204212484635,0.8582,0.8567577910517296,30000.0
14,6919,SingleView,Recon,0.9068146251244843,0.8498666666666667,0.8774175786358318,30000.0
14,6919,SingleView,Spoofing,0.8019276622896867,0.7959666666666667,0.7989360456362815,30000.0
14,6919,Voting_Hard,Benign,0.6586809063356905,0.7606666666666667,0.7060097455332972,30000.0
14,6919,Voting_Hard,DDoS,0.9962255168661589,0.9765666666666667,0.9862981416644223,30000.0
14,6919,Voting_Hard,DoS,0.9974675108297234,0.9978,0.997633727712048,30000.0
14,6919,Voting_Hard,Mirai,0.6719432027346831,0.8518,0.7512567984712627,30000.0
14,6919,Voting_Hard,Recon,0.8757740896705475,0.7071,0.7824499280734757,30000.0
14,6919,Voting_Hard,Spoofing,0.7706565336710999,0.6084333333333334,0.6800037254354102,30000.0
14,6919,Voting_Soft,Benign,0.7428518034012335,0.795,0.7680417350980582,30000.0
14,6919,Voting_Soft,DDoS,0.99795605518651,0.9765,0.9871114480667172,30000.0
14,6919,Voting_Soft,DoS,0.9990323011211959,0.9979666666666667,0.9984991995731056,30000.0
14,6919,Voting_Soft,Mirai,0.7812018955057197,0.8627333333333334,0.8199458269313016,30000.0
14,6919,Voting_Soft,Recon,0.8920868659824484,0.7996666666666666,0.8433523166701821,30000.0
14,6919,Voting_Soft,Spoofing,0.8044696651254029,0.7655333333333333,0.7845186855229896,30000.0
14,6919,Vista_Tiempo,Benign,0.5913273591146929,0.6554666666666666,0.6217472412811837,30000.0
14,6919,Vista_Tiempo,DDoS,0.9804962141698216,0.9669,0.9736506444683136,30000.0
14,6919,Vista_Tiempo,DoS,0.9946055293324343,0.9833333333333333,0.9889373114314448,30000.0
14,6919,Vista_Tiempo,Mirai,0.7138372814541738,0.6519,0.6814641880237643,30000.0
14,6919,Vista_Tiempo,Recon,0.6542226402892501,0.7418666666666667,0.6952935847170372,30000.0
14,6919,Vista_Tiempo,Spoofing,0.6666411101740397,0.5796666666666667,0.6201191028064045,30000.0
14,6919,Vista_Volumen,Benign,0.6491874685877032,0.775,0.7065366031543441,30000.0
14,6919,Vista_Volumen,DDoS,0.9969708314897383,0.9764,0.986578198413634,30000.0
14,6919,Vista_Volumen,DoS,0.9998330160638547,0.9979333333333333,0.99888227149125,30000.0
14,6919,Vista_Volumen,Mirai,0.8128325932955971,0.7993666666666667,0.8060433927701124,30000.0
14,6919,Vista_Volumen,Recon,0.845303650094399,0.7163666666666667,0.7755124133949192,30000.0
14,6919,Vista_Volumen,Spoofing,0.7257056956739603,0.7241333333333333,0.7249186618837073,30000.0
14,6919,Vista_Banderas,Benign,0.5768955138311596,0.2683333333333333,0.3662920325795149,30000.0
14,6919,Vista_Banderas,DDoS,0.9845470154529845,0.9748,0.9796492638560876,30000.0
14,6919,Vista_Banderas,DoS,0.9853216530694129,0.9823,0.9838085063764439,30000.0
14,6919,Vista_Banderas,Mirai,0.40669165918651107,0.7702333333333333,0.5323150995772717,30000.0
14,6919,Vista_Banderas,Recon,0.7569267139479905,0.5336333333333333,0.6259628543499511,30000.0
14,6919,Vista_Banderas,Spoofing,0.4253196571589153,0.4036,0.4141752753643018,30000.0
14,6919,Vista_Topologia,Benign,0.4855489395865391,0.48383333333333334,0.4846896183257087,30000.0
14,6919,Vista_Topologia,DDoS,0.9844488386902168,0.9791,0.9817671340474957,30000.0
14,6919,Vista_Topologia,DoS,0.9967979720489644,0.9961666666666666,0.996482219369467,30000.0
14,6919,Vista_Topologia,Mirai,0.5017406440382942,0.5380666666666667,0.5192691243646658,30000.0
14,6919,Vista_Topologia,Recon,0.6697930256337928,0.6332,0.6509826767875807,30000.0
14,6919,Vista_Topologia,Spoofing,0.5632330700722568,0.5586333333333333,0.5609237720692829,30000.0
15,2656,MultiViewStacking,Benign,0.7637272228655007,0.8354666666666667,0.7979878378808621,30000.0
15,2656,MultiViewStacking,DDoS,0.9978659982386017,0.9819666666666667,0.9898524915157421,30000.0
15,2656,MultiViewStacking,DoS,1.0,0.9979666666666667,0.9989822986703148,30000.0
15,2656,MultiViewStacking,Mirai,0.8448944703793806,0.8566666666666667,0.8507398457413353,30000.0
15,2656,MultiViewStacking,Recon,0.9039301310043668,0.8349,0.8680448456913133,30000.0
15,2656,MultiViewStacking,Spoofing,0.816956139758059,0.8059,0.8113904084303789,30000.0
15,2656,SingleView,Benign,0.7781274101496221,0.8407666666666667,0.8082351998718257,30000.0
15,2656,SingleView,DDoS,0.997450713800136,0.9781666666666666,0.9877145742174352,30000.0
15,2656,SingleView,DoS,0.9998998096383128,0.998,0.9989490015514739,30000.0
15,2656,SingleView,Mirai,0.8541127265484963,0.8577,0.8559026045304859,30000.0
15,2656,SingleView,Recon,0.9045820389720418,0.8541666666666666,0.8786517624468523,30000.0
15,2656,SingleView,Spoofing,0.8019349637194303,0.7957333333333333,0.7988221121670459,30000.0
15,2656,Voting_Hard,Benign,0.6631707387931786,0.7609,0.7086819515375421,30000.0
15,2656,Voting_Hard,DDoS,0.9970767191270947,0.9777666666666667,0.9873272858849863,30000.0
15,2656,Voting_Hard,DoS,0.9975671532360194,0.9977666666666667,0.997666899976669,30000.0
15,2656,Voting_Hard,Mirai,0.672190410850463,0.8491333333333333,0.7503718868285786,30000.0
15,2656,Voting_Hard,Recon,0.8777317880794702,0.7068666666666666,0.7830871491875924,30000.0
15,2656,Voting_Hard,Spoofing,0.7602606133543595,0.6106666666666667,0.6773018836534374,30000.0
15,2656,Voting_Soft,Benign,0.7430439840286729,0.7878,0.7647677447538305,30000.0
15,2656,Voting_Soft,DDoS,0.9975507704867843,0.9775,0.9874236072528916,30000.0
15,2656,Voting_Soft,DoS,0.9990990389749066,0.9980333333333333,0.9985659018143009,30000.0
15,2656,Voting_Soft,Mirai,0.780813618877412,0.8592333333333333,0.8181486359957469,30000.0
15,2656,Voting_Soft,Recon,0.8879310344827587,0.8068333333333333,0.8454418442193503,30000.0
15,2656,Voting_Soft,Spoofing,0.807039047452285,0.7681666666666667,0.787123217487832,30000.0
15,2656,Vista_Tiempo,Benign,0.5926782959534829,0.6659333333333334,0.627173981289634,30000.0
15,2656,Vista_Tiempo,DDoS,0.9803861994463574,0.9680333333333333,0.9741706081647714,30000.0
15,2656,Vista_Tiempo,DoS,0.9949748743718593,0.9834,0.9891535766374411,30000.0
15,2656,Vista_Tiempo,Mirai,0.7154913040287664,0.65,0.6811751144024871,30000.0
15,2656,Vista_Tiempo,Recon,0.6614126216490537,0.7385333333333334,0.6978487511417683,30000.0
15,2656,Vista_Tiempo,Spoofing,0.6655118589865611,0.5827,0.6213588782056978,30000.0
15,2656,Vista_Volumen,Benign,0.6576863928917241,0.7698,0.7093405412046564,30000.0
15,2656,Vista_Volumen,DDoS,0.9968720250237998,0.9773333333333334,0.987005992055477,30000.0
15,2656,Vista_Volumen,DoS,0.9998330272165638,0.998,0.9989156726999749,30000.0
15,2656,Vista_Volumen,Mirai,0.802661863304313,0.8021,0.8023808332916521,30000.0
15,2656,Vista_Volumen,Recon,0.8508178672538534,0.7212666666666666,0.7807042863328042,30000.0
15,2656,Vista_Volumen,Spoofing,0.7277375655754034,0.7306,0.7291659735852822,30000.0
15,2656,Vista_Banderas,Benign,0.5662210584343991,0.2739,0.3692038102084831,30000.0
15,2656,Vista_Banderas,DDoS,0.9859937375845931,0.9761666666666666,0.9810555937086481,30000.0
15,2656,Vista_Banderas,DoS,0.985557635731479,0.9826666666666667,0.984110028041127,30000.0
15,2656,Vista_Banderas,Mirai,0.4073064819535522,0.7722666666666667,0.5333271946685697,30000.0
15,2656,Vista_Banderas,Recon,0.7547470579961555,0.5366,0.6272477546805899,30000.0
15,2656,Vista_Banderas,Spoofing,0.4279414422555576,0.39463333333333334,0.41061302349778894,30000.0
15,2656,Vista_Topologia,Benign,0.4865665400564519,0.4654333333333333,0.4757653713136958,30000.0
15,2656,Vista_Topologia,DDoS,0.9843007297315391,0.9801666666666666,0.9822293482980926,30000.0
15,2656,Vista_Topologia,DoS,0.9959659943323887,0.9958,0.9958829902491875,30000.0
15,2656,Vista_Topologia,Mirai,0.5009397907399286,0.5330333333333334,0.5164884855140338,30000.0
15,2656,Vista_Topologia,Recon,0.6687605872388481,0.6316666666666667,0.6496845858475041,30000.0
15,2656,Vista_Topologia,Spoofing,0.5536309982037465,0.5753333333333334,0.5642735713351641,30000.0
16,1159,MultiViewStacking,Benign,0.7657430730478589,0.8208,0.7923162314783532,30000.0
16,1159,MultiViewStacking,DDoS,0.9980336983422043,0.9813,0.9895961140897861,30000.0
16,1159,MultiViewStacking,DoS,0.9999666099035026,0.9982666666666666,0.9991159151945821,30000.0
16,1159,MultiViewStacking,Mirai,0.837522615662962,0.8641,0.8506037537734611,30000.0
16,1159,MultiViewStacking,Recon,0.9006093189964157,0.8375666666666667,0.8679447322970639,30000.0
16,1159,MultiViewStacking,Spoofing,0.8142156033169741,0.8018666666666666,0.8079939541523218,30000.0
16,1159,SingleView,Benign,0.7741459364718182,0.8392,0.8053613985700805,30000.0
16,1159,SingleView,DDoS,0.9972800217598259,0.9777333333333333,0.9874099508516798,30000.0
16,1159,SingleView,DoS,0.9999332198070052,0.9982333333333333,0.9990825535038116,30000.0
16,1159,SingleView,Mirai,0.8544563633955767,0.8602666666666666,0.8573516709853166,30000.0
16,1159,SingleView,Recon,0.9059175177027363,0.8486333333333334,0.8763402922396434,30000.0
16,1159,SingleView,Spoofing,0.7993358156385227,0.7943,0.7968099513467423,30000.0
16,1159,Voting_Hard,Benign,0.6578442208132163,0.7539333333333333,0.7026187443695443,30000.0
16,1159,Voting_Hard,DDoS,0.9961922893860067,0.9767333333333333,0.9863668495640758,30000.0
16,1159,Voting_Hard,DoS,0.9973025176501932,0.9982333333333333,0.9977677084027454,30000.0
16,1159,Voting_Hard,Mirai,0.6679029435578656,0.8524,0.7489566096035849,30000.0
16,1159,Voting_Hard,Recon,0.8800414078674949,0.7084333333333334,0.7849676823638042,30000.0
16,1159,Voting_Hard,Spoofing,0.7680609966721429,0.6077666666666667,0.67857608068628,30000.0
16,1159,Voting_Soft,Benign,0.7416372128250441,0.7833666666666667,0.7619310076514071,30000.0
16,1159,Voting_Soft,DDoS,0.9976858941636889,0.9772333333333333,0.987353708849036,30000.0
16,1159,Voting_Soft,DoS,0.9990326239242111,0.9983,0.9986661775984528,30000.0
16,1159,Voting_Soft,Mirai,0.7798882681564245,0.8608666666666667,0.818379149172146,30000.0
16,1159,Voting_Soft,Recon,0.8874986240046967,0.8062333333333334,0.8449164235935235,30000.0
16,1159,Voting_Soft,Spoofing,0.8064448409782723,0.7683,0.7869104317099401,30000.0
16,1159,Vista_Tiempo,Benign,0.5923051568633326,0.6589,0.6238303378410364,30000.0
16,1159,Vista_Tiempo,DDoS,0.9794148415617724,0.9674333333333334,0.9733872184864085,30000.0
16,1159,Vista_Tiempo,DoS,0.9944064426997338,0.9837,0.9890242471974128,30000.0
16,1159,Vista_Tiempo,Mirai,0.7136246786632391,0.6477333333333334,0.6790843962956491,30000.0
16,1159,Vista_Tiempo,Recon,0.6576360514004855,0.7403666666666666,0.6965534543857999,30000.0
16,1159,Vista_Tiempo,Spoofing,0.6608140462889066,0.5796,0.6175483458526451,30000.0
16,1159,Vista_Volumen,Benign,0.6627324124264149,0.7580333333333333,0.7071866156668843,30000.0
16,1159,Vista_Volumen,DDoS,0.996463667584753,0.9768333333333333,0.9865508592974128,30000.0
16,1159,Vista_Volumen,DoS,0.9998330718125062,0.9982666666666666,0.9990492552499458,30000.0
16,1159,Vista_Volumen,Mirai,0.8006358458073917,0.8058666666666666,0.8032427403814207,30000.0
16,1159,Vista_Volumen,Recon,0.8291455370419797,0.7248666666666667,0.7735073896882281,30000.0
16,1159,Vista_Volumen,Spoofing,0.7272666466004482,0.7248666666666667,0.7260646733777399,30000.0
16,1159,Vista_Banderas,Benign,0.5759048021405436,0.27263333333333334,0.3700737523188996,30000.0
16,1159,Vista_Banderas,DDoS,0.9858461953225045,0.9751333333333333,0.9804605020611992,30000.0
16,1159,Vista_Banderas,DoS,0.9850676465675631,0.9829333333333333,0.9839993326103279,30000.0
16,1159,Vista_Banderas,Mirai,0.40823667725350504,0.7755,0.5348952166365862,30000.0
16,1159,Vista_Banderas,Recon,0.7629150413852155,0.5346,0.6286699854964525,30000.0
16,1159,Vista_Banderas,Spoofing,0.42845482291149123,0.4024333333333333,0.4150366117776479,30000.0
16,1159,Vista_Topologia,Benign,0.4804461765891681,0.4766666666666667,0.47854895923967605,30000.0
16,1159,Vista_Topologia,DDoS,0.9844597762743653,0.9798,0.9821243609876709,30000.0
16,1159,Vista_Topologia,DoS,0.9964667844405186,0.9965,0.9964833919434676,30000.0
16,1159,Vista_Topologia,Mirai,0.5006698862751208,0.5356333333333333,0.5175618004670264,30000.0
16,1159,Vista_Topologia,Recon,0.6732187599251862,0.6359,0.6540274611310146,30000.0
16,1159,Vista_Topologia,Spoofing,0.5650358991484388,0.564,0.5645174743514889,30000.0
17,4719,MultiViewStacking,Benign,0.7646842315124375,0.8310333333333333,0.7964794019455936,30000.0
17,4719,MultiViewStacking,DDoS,0.998371611765105,0.9809666666666667,0.9895926156329338,30000.0
17,4719,MultiViewStacking,DoS,1.0,0.9979333333333333,0.9989655977843772,30000.0
17,4719,MultiViewStacking,Mirai,0.8451312946107,0.8604,0.8526973010472069,30000.0
17,4719,MultiViewStacking,Recon,0.9023601681215648,0.8373,0.868613517298615,30000.0
17,4719,MultiViewStacking,Spoofing,0.8151200891801507,0.8043333333333333,0.8096907873764744,30000.0
17,4719,SingleView,Benign,0.7777468534496088,0.8383333333333334,0.8069044066926544,30000.0
17,4719,SingleView,DDoS,0.9968025035716715,0.9768,0.9866998888851477,30000.0
17,4719,SingleView,DoS,0.9998664128510837,0.9979666666666667,0.998915636521362,30000.0
17,4719,SingleView,Mirai,0.8536165137006726,0.8587666666666667,0.8561838453997108,30000.0
17,4719,SingleView,Recon,0.901462174189447,0.8508,0.8753987035703261,30000.0
17,4719,SingleView,Spoofing,0.8020585375666343,0.7974333333333333,0.799739248165544,30000.0
17,4719,Voting_Hard,Benign,0.6614245802010427,0.7654666666666666,0.7096524977209165,30000.0
17,4719,Voting_Hard,DDoS,0.9966980971508322,0.976,0.9862404634791249,30000.0
17,4719,Voting_Hard,DoS,0.9972352686452817,0.9979333333333333,0.9975841788707286,30000.0
17,4719,Voting_Hard,Mirai,0.6768308850824627,0.8508666666666667,0.753935670614644,30000.0
17,4719,Voting_Hard,Recon,0.8700145914396887,0.7155,0.7852282704126426,30000.0
17,4719,Voting_Hard,Spoofing,0.7735881176320382,0.6059,0.6795521244181917,30000.0
17,4719,Voting_Soft,Benign,0.7446828563350193,0.7901333333333334,0.7667351328621566,30000.0
17,4719,Voting_Soft,DDoS,0.9977172839085551,0.9761333333333333,0.9868072989503125,30000.0
17,4719,Voting_Soft,DoS,0.9988656457478398,0.9979666666666667,0.9984159538458973,30000.0
17,4719,Voting_Soft,Mirai,0.7828811917161197,0.8619,0.820492479532906,30000.0
17,4719,Voting_Soft,Recon,0.8835959492560231,0.8056333333333333,0.8428155458302095,30000.0
17,4719,Voting_Soft,Spoofing,0.8059302979201799,0.7646666666666667,0.7847564313081554,30000.0
17,4719,Vista_Tiempo,Benign,0.5957855556222609,0.6616,0.626970338313801,30000.0
17,4719,Vista_Tiempo,DDoS,0.980190656480292,0.9665333333333334,0.973314088147427,30000.0
17,4719,Vista_Tiempo,DoS,0.994037191753133,0.9835666666666667,0.9887742108437773,30000.0
17,4719,Vista_Tiempo,Mirai,0.7157621795340005,0.6533,0.6831062005506954,30000.0
17,4719,Vista_Tiempo,Recon,0.6596236479478441,0.7419666666666667,0.6983763432426072,30000.0
17,4719,Vista_Tiempo,Spoofing,0.6684668923287567,0.5858666666666666,0.6244470893361519,30000.0
17,4719,Vista_Volumen,Benign,0.65149939574492,0.7727,0.7069425595828059,30000.0
17,4719,Vista_Volumen,DDoS,0.9962243613728358,0.9762666666666666,0.9861445478880115,30000.0
17,4719,Vista_Volumen,DoS,0.9998330216403954,0.9979666666666667,0.998898972374216,30000.0
17,4719,Vista_Volumen,Mirai,0.809728667728058,0.7968,0.8032123116211085,30000.0
17,4719,Vista_Volumen,Recon,0.8244682853378505,0.7300666666666666,0.7744011314417042,30000.0
17,4719,Vista_Volumen,Spoofing,0.7334943083822008,0.7088,0.7209357518223428,30000.0
17,4719,Vista_Banderas,Benign,0.5666178623718887,0.2838,0.3781814951361436,30000.0
17,4719,Vista_Banderas,DDoS,0.9856030210054284,0.9744,0.9799694932868469,30000.0
17,4719,Vista_Banderas,DoS,0.9853245971785786,0.9825,0.9839102713889909,30000.0
17,4719,Vista_Banderas,Mirai,0.409674582233949,0.7763333333333333,0.5363270005757053,30000.0
17,4719,Vista_Banderas,Recon,0.7624022133180691,0.5327666666666667,0.6272270622400126,30000.0
17,4719,Vista_Banderas,Spoofing,0.427665204625367,0.39326666666666665,0.40974525500547,30000.0
17,4719,Vista_Topologia,Benign,0.4916384456935377,0.4694,0.48026192384427807,30000.0
17,4719,Vista_Topologia,DDoS,0.9846251758558318,0.9798333333333333,0.9822234102983928,30000.0
17,4719,Vista_Topologia,DoS,0.9973631508678238,0.9960333333333333,0.9966977985323549,30000.0
17,4719,Vista_Topologia,Mirai,0.5048383069047322,0.5391,0.5214069250112837,30000.0
17,4719,Vista_Topologia,Recon,0.6666666666666666,0.6377333333333334,0.6518791100207844,30000.0
17,4719,Vista_Topologia,Spoofing,0.5568827290726736,0.5719,0.5642914700126626,30000.0
18,916,MultiViewStacking,Benign,0.7674162122418969,0.835,0.7997828932664985,30000.0
18,916,MultiViewStacking,DDoS,0.9978645515558268,0.9813,0.9895129575476455,30000.0
18,916,MultiViewStacking,DoS,1.0,0.9981666666666666,0.9990824922845942,30000.0
18,916,MultiViewStacking,Mirai,0.8439702363392009,0.8582333333333333,0.8510420281950849,30000.0
18,916,MultiViewStacking,Recon,0.9039611091105509,0.8367666666666667,0.8690669897870867,30000.0
18,916,MultiViewStacking,Spoofing,0.8157184315313492,0.8057666666666666,0.8107120099272227,30000.0
18,916,SingleView,Benign,0.7775492032300654,0.8441333333333333,0.8094743403282776,30000.0
18,916,SingleView,DDoS,0.9974489795918368,0.9775,0.9873737373737373,30000.0
18,916,SingleView,DoS,0.9999332131169438,0.9981333333333333,0.999032462549628,30000.0
18,916,SingleView,Mirai,0.8526145303100416,0.8598333333333333,0.8562087164337637,30000.0
18,916,SingleView,Recon,0.9031802120141342,0.852,0.876843910806175,30000.0
18,916,SingleView,Spoofing,0.8052893569469372,0.7927,0.7989450874334381,30000.0
18,916,Voting_Hard,Benign,0.6610836003495485,0.7565,0.7055806000310897,30000.0
18,916,Voting_Hard,DDoS,0.996226286802203,0.9767666666666667,0.9864005116639176,30000.0
18,916,Voting_Hard,DoS,0.9972689425478768,0.9981,0.9976842982090796,30000.0
18,916,Voting_Hard,Mirai,0.6690410097941654,0.8516,0.7493620391282668,30000.0
18,916,Voting_Hard,Recon,0.8720208945478289,0.7122666666666667,0.7840892411566124,30000.0
18,916,Voting_Hard,Spoofing,0.7746909646998853,0.6079,0.6812349414467418,30000.0
18,916,Voting_Soft,Benign,0.7452530150832887,0.7889,0.7664556244636236,30000.0
18,916,Voting_Soft,DDoS,0.9968712803944907,0.9771,0.986886625704907,30000.0
18,916,Voting_Soft,DoS,0.9991991190309341,0.9981,0.9986492570914003,30000.0
18,916,Voting_Soft,Mirai,0.7799212598425197,0.8584333333333334,0.8172960964773088,30000.0
18,916,Voting_Soft,Recon,0.8848086870391431,0.8039666666666667,0.8424527148570531,30000.0
18,916,Voting_Soft,Spoofing,0.8063094571908226,0.7684666666666666,0.7869333697433096,30000.0
18,916,Vista_Tiempo,Benign,0.5898527004909984,0.6607333333333333,0.6232843329926893,30000.0
18,916,Vista_Tiempo,DDoS,0.9798918553565393,0.9665,0.9731498573586173,30000.0
18,916,Vista_Tiempo,DoS,0.9947068541182024,0.9834666666666667,0.9890548264360303,30000.0
18,916,Vista_Tiempo,Mirai,0.7142960393177219,0.6588666666666667,0.6854626161742267,30000.0
18,916,Vista_Tiempo,Recon,0.667239352563523,0.7379,0.7007930101144404,30000.0
18,916,Vista_Tiempo,Spoofing,0.6629777524244153,0.5811,0.6193445243804956,30000.0
18,916,Vista_Volumen,Benign,0.6674894942549002,0.7571333333333333,0.7094910118852396,30000.0
18,916,Vista_Volumen,DDoS,0.9964299071775866,0.9768666666666667,0.9865513120465907,30000.0
18,916,Vista_Volumen,DoS,0.9998664351542674,0.9981333333333333,0.9989991325815707,30000.0
18,916,Vista_Volumen,Mirai,0.8015203824193334,0.8048333333333333,0.8031734415541215,30000.0
18,916,Vista_Volumen,Recon,0.8294799878714373,0.7295,0.7762840522133939,30000.0
18,916,Vista_Volumen,Spoofing,0.726514748870582,0.7290333333333333,0.7277718621056835,30000.0
18,916,Vista_Banderas,Benign,0.5713083718973496,0.2716,0.3681713433645113,30000.0
18,916,Vista_Banderas,DDoS,0.9854476857778077,0.9751333333333333,0.980263378346681,30000.0
18,916,Vista_Banderas,DoS,0.9855213000735639,0.9824333333333334,0.9839748940006009,30000.0
18,916,Vista_Banderas,Mirai,0.40644754583501147,0.7737,0.532930763314085,30000.0
18,916,Vista_Banderas,Recon,0.7626368396001904,0.5341,0.6282297588708097,30000.0
18,916,Vista_Banderas,Spoofing,0.42727175425452213,0.3992,0.412759137672543,30000.0
18,916,Vista_Topologia,Benign,0.48412911903160727,0.4799333333333333,0.4820220957482424,30000.0
18,916,Vista_Topologia,DDoS,0.9840610768818645,0.9796,0.9818254710677535,30000.0
18,916,Vista_Topologia,DoS,0.9965321773924641,0.9962,0.9963660610101683,30000.0
18,916,Vista_Topologia,Mirai,0.5030420874364925,0.5346666666666666,0.5183724913550722,30000.0
18,916,Vista_Topologia,Recon,0.666118766174722,0.6349,0.6501348260914087,30000.0
18,916,Vista_Topologia,Spoofing,0.5633228630622201,0.5619333333333333,0.562627240262991,30000.0
19,4513,MultiViewStacking,Benign,0.7688420399937994,0.8266333333333333,0.7966910288330254,30000.0
19,4513,MultiViewStacking,DDoS,0.9982028415448781,0.9812666666666666,0.9896623018607856,30000.0
19,4513,MultiViewStacking,DoS,0.9999665998663995,0.9979666666666667,0.9989656322989656,30000.0
19,4513,MultiViewStacking,Mirai,0.8455255215850939,0.8591666666666666,0.8522915151114344,30000.0
19,4513,MultiViewStacking,Recon,0.9036944045911047,0.8398333333333333,0.8705943331029716,30000.0
19,4513,MultiViewStacking,Spoofing,0.8127212020033389,0.8113666666666667,0.8120433694745621,30000.0
19,4513,SingleView,Benign,0.7767606719063029,0.8400666666666666,0.8071743133957883,30000.0
19,4513,SingleView,DDoS,0.9969416881881201,0.9779333333333333,0.9873460321733862,30000.0
19,4513,SingleView,DoS,0.9999665998663995,0.9979666666666667,0.9989656322989656,30000.0
19,4513,SingleView,Mirai,0.8562570462232244,0.8607666666666667,0.8585059343728182,30000.0
19,4513,SingleView,Recon,0.9076939456313436,0.8525666666666667,0.8792670769019217,30000.0
19,4513,SingleView,Spoofing,0.8011791899768852,0.7972,0.7991846418606205,30000.0
19,4513,Voting_Hard,Benign,0.6651746012924645,0.7479666666666667,0.7041453541280949,30000.0
19,4513,Voting_Hard,DDoS,0.9961275858554978,0.9775,0.9867258870438601,30000.0
19,4513,Voting_Hard,DoS,0.9971025111569972,0.9979666666666667,0.9975344017592377,30000.0
19,4513,Voting_Hard,Mirai,0.6683863195935683,0.8507666666666667,0.7486287507699527,30000.0
19,4513,Voting_Hard,Recon,0.878259445740718,0.7151666666666666,0.7883664958018703,30000.0
19,4513,Voting_Hard,Spoofing,0.7580831886215166,0.6111666666666666,0.6767430701657254,30000.0
19,4513,Voting_Soft,Benign,0.7470977129661848,0.7872666666666667,0.7666563874507003,30000.0
19,4513,Voting_Soft,DDoS,0.997652262674379,0.9773666666666667,0.9874052870853679,30000.0
19,4513,Voting_Soft,DoS,0.9986990893625538,0.998,0.9983494222978042,30000.0
19,4513,Voting_Soft,Mirai,0.7815613113566383,0.863,0.8202642334378861,30000.0
19,4513,Voting_Soft,Recon,0.888986719495194,0.8077333333333333,0.8464144748332111,30000.0
19,4513,Voting_Soft,Spoofing,0.8068380247258504,0.7701,0.7880410683221339,30000.0
19,4513,Vista_Tiempo,Benign,0.5944009632751355,0.6582,0.6246757355267321,30000.0
19,4513,Vista_Tiempo,DDoS,0.9807035923084721,0.9673333333333334,0.9739725797519759,30000.0
19,4513,Vista_Tiempo,DoS,0.9941009910335064,0.9830333333333333,0.9885361847618409,30000.0
19,4513,Vista_Tiempo,Mirai,0.7178226900927998,0.6523333333333333,0.6835129140981088,30000.0
19,4513,Vista_Tiempo,Recon,0.6537986229623963,0.7406666666666667,0.6945269277654487,30000.0
19,4513,Vista_Tiempo,Spoofing,0.6654867930273274,0.5828333333333333,0.6214237480897039,30000.0
19,4513,Vista_Volumen,Benign,0.6646209597287978,0.7580666666666667,0.7082749384907658,30000.0
19,4513,Vista_Volumen,DDoS,0.9961274543107548,0.9774666666666667,0.9867088394629698,30000.0
19,4513,Vista_Volumen,DoS,0.9998664128510837,0.9979666666666667,0.998915636521362,30000.0
19,4513,Vista_Volumen,Mirai,0.8037358327516868,0.8060666666666667,0.8048995623013298,30000.0
19,4513,Vista_Volumen,Recon,0.8321326472269869,0.7277,0.7764203787676713,30000.0
19,4513,Vista_Volumen,Spoofing,0.7262874430665913,0.7282,0.7272424640889495,30000.0
19,4513,Vista_Banderas,Benign,0.5758154673459279,0.27126666666666666,0.36879432624113473,30000.0
19,4513,Vista_Banderas,DDoS,0.9839370925465422,0.976,0.9799524749824291,30000.0
19,4513,Vista_Banderas,DoS,0.984792780748663,0.9821666666666666,0.9834779706275033,30000.0
19,4513,Vista_Banderas,Mirai,0.40641580136230715,0.7736666666666666,0.5328955676221745,30000.0
19,4513,Vista_Banderas,Recon,0.7668443090978302,0.5372,0.631801787674455,30000.0
19,4513,Vista_Banderas,Spoofing,0.4234250285062714,0.3961,0.4093069716175255,30000.0
19,4513,Vista_Topologia,Benign,0.48713652389429957,0.4651666666666667,0.4758981704093986,30000.0
19,4513,Vista_Topologia,DDoS,0.9852793239890014,0.9794333333333334,0.9823476313062084,30000.0
19,4513,Vista_Topologia,DoS,0.997229454569731,0.9958333333333333,0.9965309049668101,30000.0
19,4513,Vista_Topologia,Mirai,0.49960909403633863,0.5325333333333333,0.5155460896784291,30000.0
19,4513,Vista_Topologia,Recon,0.6702847476740907,0.634,0.6516376593120461,30000.0
19,4513,Vista_Topologia,Spoofing,0.5521140294682896,0.5745666666666667,0.5631166285527606,30000.0
20,5414,MultiViewStacking,Benign,0.7632512102617866,0.8251,0.7929714404702792,30000.0
20,5414,MultiViewStacking,DDoS,0.9976931949250288,0.9803333333333333,0.9889370859813713,30000.0
20,5414,MultiViewStacking,DoS,1.0,0.9981,0.9990490966418097,30000.0
20,5414,MultiViewStacking,Mirai,0.8473964712502896,0.8533,0.8503379893371423,30000.0
20,5414,MultiViewStacking,Recon,0.900804577150009,0.8397,0.8691796773915293,30000.0
20,5414,MultiViewStacking,Spoofing,0.8103022619603657,0.8096,0.8099509787574616,30000.0
20,5414,SingleView,Benign,0.7720914572556702,0.8408333333333333,0.8049975267667662,30000.0
20,5414,SingleView,DDoS,0.9971092368385254,0.9773,0.9871052454380176,30000.0
20,5414,SingleView,DoS,0.999966604328079,0.9981,0.9990324302682504,30000.0
20,5414,SingleView,Mirai,0.8535815190294167,0.856,0.8547890488474661,30000.0
20,5414,SingleView,Recon,0.9054159292035399,0.8526,0.8782145922746781,30000.0
20,5414,SingleView,Spoofing,0.8032112257977467,0.7937333333333333,0.7984441538409952,30000.0
20,5414,Voting_Hard,Benign,0.6619091150364189,0.7482,0.7024142948788159,30000.0
20,5414,Voting_Hard,DDoS,0.9965641583888964,0.9765,0.9864300626304802,30000.0
20,5414,Voting_Hard,DoS,0.9977009962349649,0.9981333333333333,0.9979171179577758,30000.0
20,5414,Voting_Hard,Mirai,0.6666754112122564,0.8471,0.746135439451548,30000.0
20,5414,Voting_Hard,Recon,0.8816084322350403,0.7081666666666667,0.785426448297534,30000.0
20,5414,Voting_Hard,Spoofing,0.7571025630544087,0.6173666666666666,0.6801314653985274,30000.0
20,5414,Voting_Soft,Benign,0.740748884840108,0.7860333333333334,0.762719539411974,30000.0
20,5414,Voting_Soft,DDoS,0.9976162097735399,0.9765,0.9869451697127938,30000.0
20,5414,Voting_Soft,DoS,0.9989990991892703,0.9981,0.9985493472062428,30000.0
20,5414,Voting_Soft,Mirai,0.7777307750415471,0.8579666666666667,0.8158808146445836,30000.0
20,5414,Voting_Soft,Recon,0.8872876994338652,0.8045333333333333,0.8438865773923989,30000.0
20,5414,Voting_Soft,Spoofing,0.8048438540534857,0.7654333333333333,0.7846440347849858,30000.0
20,5414,Vista_Tiempo,Benign,0.5904793054234063,0.6619666666666667,0.6241828011063616,30000.0
20,5414,Vista_Tiempo,DDoS,0.979344849734627,0.9656666666666667,0.9724576626776993,30000.0
20,5414,Vista_Tiempo,DoS,0.9945765680792292,0.9841666666666666,0.9893442348289381,30000.0
20,5414,Vista_Tiempo,Mirai,0.7142700369462633,0.6508666666666667,0.6810959764201127,30000.0
20,5414,Vista_Tiempo,Recon,0.6655848058660897,0.7382666666666666,0.7000442505847398,30000.0
20,5414,Vista_Tiempo,Spoofing,0.6615070975536091,0.5840666666666666,0.6203795496388613,30000.0
20,5414,Vista_Volumen,Benign,0.6581742208809703,0.7560666666666667,0.703732431510037,30000.0
20,5414,Vista_Volumen,DDoS,0.9963265306122449,0.9764,0.9862626262626263,30000.0
20,5414,Vista_Volumen,DoS,0.9996661436250125,0.9981,0.9988824579253749,30000.0
20,5414,Vista_Volumen,Mirai,0.8024897373427227,0.8015,0.8019945633140436,30000.0
20,5414,Vista_Volumen,Recon,0.8432181938549009,0.7217666666666667,0.7777797733436305,30000.0
20,5414,Vista_Volumen,Spoofing,0.7213436794028092,0.7344,0.727813289727962,30000.0
20,5414,Vista_Banderas,Benign,0.5679656120076104,0.26866666666666666,0.3647801588558756,30000.0
20,5414,Vista_Banderas,DDoS,0.9859435043484123,0.9749666666666666,0.9804243622833775,30000.0
20,5414,Vista_Banderas,DoS,0.9873155058736905,0.9833333333333333,0.9853203961321999,30000.0
20,5414,Vista_Banderas,Mirai,0.40568815056250657,0.7717,0.5318034594445593,30000.0
20,5414,Vista_Banderas,Recon,0.7624697451473589,0.5355333333333333,0.6291633216502516,30000.0
20,5414,Vista_Banderas,Spoofing,0.4236143207594127,0.39716666666666667,0.40996438832212223,30000.0
20,5414,Vista_Topologia,Benign,0.4888267179576849,0.4659333333333333,0.4771055550814916,30000.0
20,5414,Vista_Topologia,DDoS,0.9859689167869491,0.9791,0.9825224532120219,30000.0
20,5414,Vista_Topologia,DoS,0.9967335510965936,0.9968,0.9967667744408519,30000.0
20,5414,Vista_Topologia,Mirai,0.49846392552366175,0.5354333333333333,0.5162876657292085,30000.0
20,5414,Vista_Topologia,Recon,0.6687431809383029,0.6333666666666666,0.6505743584476058,30000.0
20,5414,Vista_Topologia,Spoofing,0.554723316329825,0.5727333333333333,0.5635844786302359,30000.0
