File,Category,Subcategory,Instances
DoS-SYN_Flood.pcap_Flow.csv,DoS,DoS-SYN_Flood,3990181
DoS-SYN_Flood4.pcap_Flow.csv,DoS,DoS-SYN_Flood,2169821
DoS-SYN_Flood2.pcap_Flow.csv,DoS,DoS-SYN_Flood,2130835
DoS-SYN_Flood3.pcap_Flow.csv,DoS,DoS-SYN_Flood,1923524
DoS-SYN_Flood5.pcap_Flow.csv,DoS,DoS-SYN_Flood,1795088
DoS-SYN_Flood6.pcap_Flow.csv,DoS,DoS-SYN_Flood,1503778
DoS-SYN_Flood7.pcap_Flow.csv,DoS,DoS-SYN_Flood,1404314
DoS-SYN_Flood1.pcap_Flow.csv,DoS,DoS-SYN_Flood,1373103
DoS-UDP_Flood.pcap_Flow.csv,DoS,DoS-UDP_Flood,934001
DoS-HTTP_Flood.pcap_Flow.csv,DoS,DoS-HTTP_Flood,932513
DoS-UDP_Flood4.pcap_Flow.csv,DoS,DoS-UDP_Flood,901794
DoS-UDP_Flood6.pcap_Flow.csv,DoS,DoS-UDP_Flood,862694
DoS-UDP_Flood5.pcap_Flow.csv,DoS,DoS-UDP_Flood,842995
DoS-HTTP_Flood1.pcap_Flow.csv,DoS,DoS-HTTP_Flood,710231
DoS-UDP_Flood3.pcap_Flow.csv,DoS,DoS-UDP_Flood,589185
DoS-UDP_Flood7.pcap_Flow.csv,DoS,DoS-UDP_Flood,539459
DDoS-HTTP_Flood-.pcap_Flow.csv,DDoS,DDoS-HTTP_Flood,505720
VulnerabilityScan.pcap_Flow.csv,Recon,Vulnerability_Scan,442158
DDoS-ACK_Fragmentation9.pcap_Flow.csv,DDoS,DDoS-ACK_Fragmentation,412194
DDoS-ACK_Fragmentation.pcap_Flow.csv,DDoS,DDoS-ACK_Fragmentation,323886
DDoS-ACK_Fragmentation6.pcap_Flow.csv,DDoS,DDoS-ACK_Fragmentation,209790
DDoS-ACK_Fragmentation5.pcap_Flow.csv,DDoS,DDoS-ACK_Fragmentation,209344
DDoS-ACK_Fragmentation11.pcap_Flow.csv,DDoS,DDoS-ACK_Fragmentation,198622
BenignTraffic.pcap_Flow.csv,Benign,Benign,183630
DDoS-ACK_Fragmentation8.pcap_Flow.csv,DDoS,DDoS-ACK_Fragmentation,179379
DDoS-ACK_Fragmentation3.pcap_Flow.csv,DDoS,DDoS-ACK_Fragmentation,174443
DDoS-ACK_Fragmentation10.pcap_Flow.csv,DDoS,DDoS-ACK_Fragmentation,166796
DDoS-ACK_Fragmentation4.pcap_Flow.csv,DDoS,DDoS-ACK_Fragmentation,152216
DDoS-ACK_Fragmentation1.pcap_Flow.csv,DDoS,DDoS-ACK_Fragmentation,137172
DDoS-ACK_Fragmentation7.pcap_Flow.csv,DDoS,DDoS-ACK_Fragmentation,127543
DDoS-ACK_Fragmentation2.pcap_Flow.csv,DDoS,DDoS-ACK_Fragmentation,121409
BenignTraffic2.pcap_Flow.csv,Benign,Benign,91279
BenignTraffic1.pcap_Flow.csv,Benign,Benign,84526
DNS_Spoofing.pcap_Flow.csv,Spoofing,DNS_Spoofing,74856
DoS-UDP_Flood8.pcap_Flow.csv,DoS,DoS-UDP_Flood,74524
MITM-ArpSpoofing.pcap_Flow.csv,Spoofing,ARP_Spoofing,73033
DoS-UDP_Flood9.pcap_Flow.csv,DoS,DoS-UDP_Flood,70798
DoS-UDP_Flood15.pcap_Flow.csv,DoS,DoS-UDP_Flood,66453
DoS-UDP_Flood14.pcap_Flow.csv,DoS,DoS-UDP_Flood,64565
DoS-UDP_Flood10.pcap_Flow.csv,DoS,DoS-UDP_Flood,61907
DoS-UDP_Flood13.pcap_Flow.csv,DoS,DoS-UDP_Flood,59885
DoS-UDP_Flood11.pcap_Flow.csv,DoS,DoS-UDP_Flood,57086
DoS-UDP_Flood12.pcap_Flow.csv,DoS,DoS-UDP_Flood,50017
DDoS-ICMP_Fragmentation17.pcap_Flow.csv,DDoS,DDoS-ICMP_Fragmentation,41632
BenignTraffic3.pcap_Flow.csv,Benign,Benign,38895
DDoS-ACK_Fragmentation12.pcap_Flow.csv,DDoS,DDoS-ACK_Fragmentation,37292
DoS-UDP_Flood16.pcap_Flow.csv,DoS,DoS-UDP_Flood,35173
DDoS-ICMP_Fragmentation4.pcap_Flow.csv,DDoS,DDoS-ICMP_Fragmentation,25593
DDoS-ICMP_Fragmentation3.pcap_Flow.csv,DDoS,DDoS-ICMP_Fragmentation,23405
DDoS-ICMP_Fragmentation9.pcap_Flow.csv,DDoS,DDoS-ICMP_Fragmentation,20380
DDoS-ICMP_Fragmentation12.pcap_Flow.csv,DDoS,DDoS-ICMP_Fragmentation,18026
DDoS-ICMP_Fragmentation1.pcap_Flow.csv,DDoS,DDoS-ICMP_Fragmentation,17480
DDoS-ICMP_Fragmentation16.pcap_Flow.csv,DDoS,DDoS-ICMP_Fragmentation,16489
DDoS-ICMP_Flood4.pcap_Flow.csv,DDoS,DDoS-ICMP_Flood,16190
DDoS-ICMP_Fragmentation.pcap_Flow.csv,DDoS,DDoS-ICMP_Fragmentation,14479
DDoS-ICMP_Fragmentation10.pcap_Flow.csv,DDoS,DDoS-ICMP_Fragmentation,14420
DDoS-ICMP_Fragmentation7.pcap_Flow.csv,DDoS,DDoS-ICMP_Fragmentation,14235
DDoS-ICMP_Fragmentation2.pcap_Flow.csv,DDoS,DDoS-ICMP_Fragmentation,13462
DDoS-ICMP_Fragmentation14.pcap_Flow.csv,DDoS,DDoS-ICMP_Fragmentation,13411
DDoS-ICMP_Fragmentation13.pcap_Flow.csv,DDoS,DDoS-ICMP_Fragmentation,12980
DDoS-ICMP_Fragmentation8.pcap_Flow.csv,DDoS,DDoS-ICMP_Fragmentation,12572
Mirai-greeth_flood9.pcap_Flow.csv,Mirai,Mirai-greeth_flood,12079
Mirai-greeth_flood6.pcap_Flow.csv,Mirai,Mirai-greeth_flood,11786
DDoS-ICMP_Fragmentation11.pcap_Flow.csv,DDoS,DDoS-ICMP_Fragmentation,11479
DDoS-ICMP_Fragmentation19.pcap_Flow.csv,DDoS,DDoS-ICMP_Fragmentation,10963
DDoS-ICMP_Flood2.pcap_Flow.csv,DDoS,DDoS-ICMP_Flood,10958
Mirai-greeth_flood1.pcap_Flow.csv,Mirai,Mirai-greeth_flood,10856
DDoS-ICMP_Fragmentation5.pcap_Flow.csv,DDoS,DDoS-ICMP_Fragmentation,10617
DDoS-ICMP_Flood.pcap_Flow.csv,DDoS,DDoS-ICMP_Flood,10415
DDoS-ICMP_Flood15.pcap_Flow.csv,DDoS,DDoS-ICMP_Flood,10323
Mirai-greeth_flood13.pcap_Flow.csv,Mirai,Mirai-greeth_flood,10306
DDoS-ICMP_Flood16.pcap_Flow.csv,DDoS,DDoS-ICMP_Flood,10270
DDoS-ICMP_Fragmentation6.pcap_Flow.csv,DDoS,DDoS-ICMP_Fragmentation,10138
DDoS-ICMP_Fragmentation15.pcap_Flow.csv,DDoS,DDoS-ICMP_Fragmentation,9890
DDoS-ICMP_Flood25.pcap_Flow.csv,DDoS,DDoS-ICMP_Flood,9442
MITM-ArpSpoofing1.pcap_Flow.csv,Spoofing,ARP_Spoofing,9349
DDoS-ICMP_Fragmentation18.pcap_Flow.csv,DDoS,DDoS-ICMP_Fragmentation,9106
Mirai-greeth_flood4.pcap_Flow.csv,Mirai,Mirai-greeth_flood,9012
Mirai-greeth_flood28.pcap_Flow.csv,Mirai,Mirai-greeth_flood,8451
Mirai-greeth_flood11.pcap_Flow.csv,Mirai,Mirai-greeth_flood,8377
DDoS-ICMP_Flood11.pcap_Flow.csv,DDoS,DDoS-ICMP_Flood,8312
DDoS-ICMP_Flood1.pcap_Flow.csv,DDoS,DDoS-ICMP_Flood,8263
Mirai-greeth_flood10.pcap_Flow.csv,Mirai,Mirai-greeth_flood,8187
DDoS-ICMP_Flood19.pcap_Flow.csv,DDoS,DDoS-ICMP_Flood,8121
DDoS-ICMP_Flood3.pcap_Flow.csv,DDoS,DDoS-ICMP_Flood,7845
DDoS-ICMP_Flood5.pcap_Flow.csv,DDoS,DDoS-ICMP_Flood,7840
Mirai-greeth_flood7.pcap_Flow.csv,Mirai,Mirai-greeth_flood,7789
Mirai-greeth_flood27.pcap_Flow.csv,Mirai,Mirai-greeth_flood,7602
DDoS-ICMP_Flood10.pcap_Flow.csv,DDoS,DDoS-ICMP_Flood,7558
DDoS-ICMP_Flood20.pcap_Flow.csv,DDoS,DDoS-ICMP_Flood,7322
DDoS-ICMP_Flood21.pcap_Flow.csv,DDoS,DDoS-ICMP_Flood,7293
DDoS-ICMP_Flood12.pcap_Flow.csv,DDoS,DDoS-ICMP_Flood,7204
DDoS-ICMP_Flood9.pcap_Flow.csv,DDoS,DDoS-ICMP_Flood,6955
Mirai-greeth_flood22.pcap_Flow.csv,Mirai,Mirai-greeth_flood,6609
SqlInjection.pcap_Flow.csv,Web-Based,SQL_Injection,6603
DDoS-ICMP_Flood14.pcap_Flow.csv,DDoS,DDoS-ICMP_Flood,6572
Mirai-greeth_flood12.pcap_Flow.csv,Mirai,Mirai-greeth_flood,6423
DDoS-ICMP_Flood8.pcap_Flow.csv,DDoS,DDoS-ICMP_Flood,6411
DDoS-ICMP_Flood24.pcap_Flow.csv,DDoS,DDoS-ICMP_Flood,6055
DDoS-ICMP_Flood22.pcap_Flow.csv,DDoS,DDoS-ICMP_Flood,5993
DDoS-ICMP_Flood13.pcap_Flow.csv,DDoS,DDoS-ICMP_Flood,5552
Mirai-greeth_flood26.pcap_Flow.csv,Mirai,Mirai-greeth_flood,5482
Mirai-greeth_flood8.pcap_Flow.csv,Mirai,Mirai-greeth_flood,5443
DDoS-ICMP_Flood26.pcap_Flow.csv,DDoS,DDoS-ICMP_Flood,5432
DDoS-ICMP_Flood23.pcap_Flow.csv,DDoS,DDoS-ICMP_Flood,5193
Mirai-greeth_flood.pcap_Flow.csv,Mirai,Mirai-greeth_flood,5172
DDoS-ICMP_Flood6.pcap_Flow.csv,DDoS,DDoS-ICMP_Flood,4783
Mirai-greeth_flood3.pcap_Flow.csv,Mirai,Mirai-greeth_flood,4647
DDoS-ICMP_Flood17.pcap_Flow.csv,DDoS,DDoS-ICMP_Flood,4643
Mirai-greeth_flood23.pcap_Flow.csv,Mirai,Mirai-greeth_flood,4572
Mirai-greeth_flood21.pcap_Flow.csv,Mirai,Mirai-greeth_flood,4507
Mirai-greeth_flood16.pcap_Flow.csv,Mirai,Mirai-greeth_flood,4438
Mirai-greeth_flood20.pcap_Flow.csv,Mirai,Mirai-greeth_flood,4100
Mirai-greeth_flood2.pcap_Flow.csv,Mirai,Mirai-greeth_flood,4071
DDoS-ICMP_Flood18.pcap_Flow.csv,DDoS,DDoS-ICMP_Flood,4062
Mirai-greeth_flood5.pcap_Flow.csv,Mirai,Mirai-greeth_flood,3873
DictionaryBruteForce.pcap_Flow.csv,Brute Force,Dictionary_BruteForce,3619
Mirai-greeth_flood19.pcap_Flow.csv,Mirai,Mirai-greeth_flood,3481
XSS.pcap_Flow.csv,Web-Based,XSS,3377
Mirai-greeth_flood18.pcap_Flow.csv,Mirai,Mirai-greeth_flood,3265
Mirai-greeth_flood15.pcap_Flow.csv,Mirai,Mirai-greeth_flood,3247
DDoS-ICMP_Flood7.pcap_Flow.csv,DDoS,DDoS-ICMP_Flood,3244
Mirai-greeth_flood14.pcap_Flow.csv,Mirai,Mirai-greeth_flood,2977
Mirai-greeth_flood17.pcap_Flow.csv,Mirai,Mirai-greeth_flood,2790
Mirai-greeth_flood24.pcap_Flow.csv,Mirai,Mirai-greeth_flood,2546
Mirai-greeth_flood25.pcap_Flow.csv,Mirai,Mirai-greeth_flood,2500
Uploading_Attack.pcap_Flow.csv,Web-Based,Uploading_Attack,1348
DoS-TCP_Flood2.pcap_Flow.csv,DoS,DoS-TCP_Flood,0
DoS-TCP_Flood3.pcap_Flow.csv,DoS,DoS-TCP_Flood,0
DoS-TCP_Flood10.pcap_Flow.csv,DoS,DoS-TCP_Flood,0
DoS-TCP_Flood1.pcap_Flow.csv,DoS,DoS-TCP_Flood,0
DoS-TCP_Flood.pcap_Flow.csv,DoS,DoS-TCP_Flood,0
