train_size,train_size_pct,model,accuracy,accuracy,f1_macro,f1_macro
,,,mean,std,mean,std
42000,10,MultiViewStacking,0.8571455555555556,0.0008942945748443812,0.8581797605257002,0.0008654412693089133
42000,10,SingleView,0.8479522222222222,0.00092239384518964,0.8486569903616906,0.0009170985694690289
84000,20,MultiViewStacking,0.8697670370370371,0.0004169071616351825,0.8707170311722128,0.00042961938494502264
84000,20,SingleView,0.8609907407407408,0.0008221516128697777,0.8616995281049372,0.0008107190727496934
126000,30,MultiViewStacking,0.8761977777777777,0.0008190624614134617,0.8770657026128887,0.0008139297415827826
126000,30,SingleView,0.868052962962963,0.0006603732933253294,0.8687410513144368,0.0006433623896518098
168000,40,MultiViewStacking,0.88075,0.0007824632114346645,0.8815978815141786,0.0007751798642347016
168000,40,SingleView,0.8725007407407407,0.0006523322243931815,0.8731810802284271,0.0006471021443121142
210000,50,MultiViewStacking,0.8840914814814815,0.0005414391735004413,0.884894030807907,0.0005396576207144423
210000,50,SingleView,0.8760855555555556,0.0005595247101197191,0.8767741464310347,0.0005594963181161833
252000,60,MultiViewStacking,0.8869696296296296,0.00047174049502900114,0.8877459014912439,0.0004672209860266648
252000,60,SingleView,0.8784403703703704,0.0004117780233397547,0.8791237024351247,0.00042121446769761365
294000,70,MultiViewStacking,0.8893933333333333,0.0005357057024591635,0.8901255415897464,0.0005339716673357622
294000,70,SingleView,0.8805866666666666,0.0003246338325258935,0.8812661989981034,0.0003201526392258458
336000,80,MultiViewStacking,0.8915359259259259,0.0005056116603556441,0.892246296920776,0.0005085572022949921
336000,80,SingleView,0.8826,0.00044118347333375126,0.8832788746543642,0.0004381813905145427
378000,90,MultiViewStacking,0.8930962962962963,0.0004021583450695835,0.8938026563316189,0.00041375789969489443
378000,90,SingleView,0.8840544444444445,0.0003027519284145286,0.8847380315322525,0.00030189912842351456
420000,100,MultiViewStacking,0.8945959259259259,0.00038781294848160247,0.8952770731385413,0.0003828629122143996
420000,100,SingleView,0.8854911111111111,0.00022923267447643697,0.8861748790483266,0.00022974841766378756
