model,accuracy,f1_macro,run,train_size,train_size_pct
SingleView,0.8463666666666667,0.8470816867669358,1,42000,10
MultiViewStacking,0.8556777777777778,0.8568961356223971,1,42000,10
SingleView,0.8500388888888889,0.8507352967552375,2,42000,10
MultiViewStacking,0.8584722222222222,0.8593793520458025,2,42000,10
SingleView,0.8476944444444444,0.8482823781079483,3,42000,10
MultiViewStacking,0.8577611111111111,0.858747297797903,3,42000,10
SingleView,0.8478055555555556,0.8485885481776249,4,42000,10
MultiViewStacking,0.8564166666666667,0.8574623380865253,4,42000,10
SingleView,0.8466111111111111,0.8473174226057391,5,42000,10
MultiViewStacking,0.8569166666666667,0.8578283045821004,5,42000,10
SingleView,0.8485611111111111,0.849260048746611,6,42000,10
MultiViewStacking,0.8580444444444445,0.8590104822955739,6,42000,10
SingleView,0.8481555555555556,0.8488070038098217,7,42000,10
MultiViewStacking,0.8580833333333333,0.8591575486103711,7,42000,10
SingleView,0.8482722222222222,0.8490537974166603,8,42000,10
MultiViewStacking,0.8563277777777778,0.8573773275221849,8,42000,10
SingleView,0.8485888888888888,0.8492443229837346,9,42000,10
MultiViewStacking,0.8580333333333333,0.8590110905118827,9,42000,10
SingleView,0.8468111111111111,0.8475516280528718,10,42000,10
MultiViewStacking,0.8563111111111111,0.8573300727632457,10,42000,10
SingleView,0.84775,0.8484269823608056,11,42000,10
MultiViewStacking,0.8576944444444444,0.8587845242960227,11,42000,10
SingleView,0.8487277777777777,0.8493698383791987,12,42000,10
MultiViewStacking,0.8563777777777778,0.8573580246852398,12,42000,10
SingleView,0.8483833333333334,0.8491699786424493,13,42000,10
MultiViewStacking,0.8569888888888889,0.858159946672458,13,42000,10
SingleView,0.8476333333333333,0.8483426620363037,14,42000,10
MultiViewStacking,0.8561611111111112,0.8571803077069181,14,42000,10
SingleView,0.8478833333333333,0.8486232605834164,15,42000,10
MultiViewStacking,0.8579166666666667,0.8590136546868781,15,42000,10
SingleView,0.8612888888888889,0.8620033573608757,1,84000,20
MultiViewStacking,0.8703222222222222,0.8712279145465587,1,84000,20
SingleView,0.8631166666666666,0.8637849648344239,2,84000,20
MultiViewStacking,0.8702888888888889,0.8711738784226123,2,84000,20
SingleView,0.8607611111111111,0.8614453649638851,3,84000,20
MultiViewStacking,0.8695666666666667,0.8705128810280144,3,84000,20
SingleView,0.8608611111111111,0.8616108419365989,4,84000,20
MultiViewStacking,0.8700166666666667,0.8710208899443627,4,84000,20
SingleView,0.8603611111111111,0.8610495757980408,5,84000,20
MultiViewStacking,0.87035,0.8713264832114801,5,84000,20
SingleView,0.8600166666666667,0.8607165273818134,6,84000,20
MultiViewStacking,0.8694111111111111,0.8702821254854127,6,84000,20
SingleView,0.8606166666666667,0.8612865686021386,7,84000,20
MultiViewStacking,0.8699444444444444,0.8709044236033928,7,84000,20
SingleView,0.8599222222222223,0.8606670460234863,8,84000,20
MultiViewStacking,0.8694722222222222,0.8704542702127659,8,84000,20
SingleView,0.8613222222222222,0.8620161751998975,9,84000,20
MultiViewStacking,0.8698333333333333,0.8707684111786752,9,84000,20
SingleView,0.8600166666666667,0.8607875665653996,10,84000,20
MultiViewStacking,0.8689888888888889,0.8699136574293854,10,84000,20
SingleView,0.8612722222222222,0.8620282053473088,11,84000,20
MultiViewStacking,0.8702,0.8712534001221818,11,84000,20
SingleView,0.8610666666666666,0.8617283683150809,12,84000,20
MultiViewStacking,0.8692777777777778,0.8702049595944455,12,84000,20
SingleView,0.8613444444444445,0.862066905636956,13,84000,20
MultiViewStacking,0.8697722222222222,0.8706975165225073,13,84000,20
SingleView,0.8619333333333333,0.8626404631491499,14,84000,20
MultiViewStacking,0.8694388888888889,0.8703863384827003,14,84000,20
SingleView,0.8609611111111111,0.8616609904590025,15,84000,20
MultiViewStacking,0.8696222222222222,0.8706283177986972,15,84000,20
SingleView,0.8682111111111112,0.8688683592718597,1,126000,30
MultiViewStacking,0.8758555555555556,0.8767107367751631,1,126000,30
SingleView,0.8690666666666667,0.8697297461376555,2,126000,30
MultiViewStacking,0.8775444444444445,0.8783798462412008,2,126000,30
SingleView,0.8679277777777777,0.8686074020061856,3,126000,30
MultiViewStacking,0.8768,0.8776276986297424,3,126000,30
SingleView,0.8684611111111111,0.8691910521178094,4,126000,30
MultiViewStacking,0.8763055555555556,0.8771635592225574,4,126000,30
SingleView,0.868,0.8686755287254204,5,126000,30
MultiViewStacking,0.8768666666666667,0.8777516189973488,5,126000,30
SingleView,0.8676888888888888,0.8683480913686547,6,126000,30
MultiViewStacking,0.8746833333333334,0.875532271325509,6,126000,30
SingleView,0.8671,0.8677909587291731,7,126000,30
MultiViewStacking,0.8764,0.8772481389815915,7,126000,30
SingleView,0.86695,0.8677027175731835,8,126000,30
MultiViewStacking,0.8748277777777778,0.8757191827349882,8,126000,30
SingleView,0.8685333333333334,0.8692259221233648,9,126000,30
MultiViewStacking,0.8769555555555556,0.8778315783232052,9,126000,30
SingleView,0.8674611111111111,0.8681927129856346,10,126000,30
MultiViewStacking,0.8755555555555555,0.8764730090758136,10,126000,30
SingleView,0.8681833333333333,0.8688385370525048,11,126000,30
MultiViewStacking,0.87655,0.8774451449913342,11,126000,30
SingleView,0.8693722222222222,0.8700014870279457,12,126000,30
MultiViewStacking,0.8760388888888889,0.876859155171264,12,126000,30
SingleView,0.8679277777777777,0.8686314950082948,13,126000,30
MultiViewStacking,0.8770666666666667,0.8779422278388848,13,126000,30
SingleView,0.8683,0.8690305221727287,14,126000,30
MultiViewStacking,0.8760333333333333,0.8769595518345604,14,126000,30
SingleView,0.8676111111111111,0.8682812374161366,15,126000,30
MultiViewStacking,0.8754833333333333,0.8763418190501682,15,126000,30
SingleView,0.8721333333333333,0.8728029760225411,1,168000,40
MultiViewStacking,0.8806944444444444,0.8815477983271535,1,168000,40
SingleView,0.8730055555555556,0.8736404806040721,2,168000,40
MultiViewStacking,0.8809777777777777,0.881750328254979,2,168000,40
SingleView,0.8730611111111111,0.8737663605748239,3,168000,40
MultiViewStacking,0.8820833333333333,0.8829092428378037,3,168000,40
SingleView,0.8725055555555555,0.8731772517744725,4,168000,40
MultiViewStacking,0.8807833333333334,0.8816058572836356,4,168000,40
SingleView,0.8723722222222222,0.8730577687038567,5,168000,40
MultiViewStacking,0.88025,0.8810822735071321,5,168000,40
SingleView,0.8711444444444445,0.8718249400751551,6,168000,40
MultiViewStacking,0.8807055555555555,0.8814889956385281,6,168000,40
SingleView,0.8719388888888889,0.8726144555830576,7,168000,40
MultiViewStacking,0.8795388888888889,0.8803796990656529,7,168000,40
SingleView,0.8722833333333333,0.8730104694708092,8,168000,40
MultiViewStacking,0.8797444444444444,0.8806325944954915,8,168000,40
SingleView,0.8738388888888889,0.874525738881788,9,168000,40
MultiViewStacking,0.8812,0.8820711215917639,9,168000,40
SingleView,0.8723444444444445,0.8730838931323047,10,168000,40
MultiViewStacking,0.8803111111111112,0.8811920298336977,10,168000,40
SingleView,0.8723444444444445,0.8730106401086394,11,168000,40
MultiViewStacking,0.8818722222222222,0.8827460268714433,11,168000,40
SingleView,0.8729333333333333,0.8735395238137104,12,168000,40
MultiViewStacking,0.8817333333333334,0.8825723526742896,12,168000,40
SingleView,0.8722666666666666,0.8729847293337154,13,168000,40
MultiViewStacking,0.8813111111111112,0.8821798971876973,13,168000,40
SingleView,0.8733388888888889,0.8740086041723969,14,168000,40
MultiViewStacking,0.8799444444444444,0.880809322066181,14,168000,40
SingleView,0.872,0.8726683711750632,15,168000,40
MultiViewStacking,0.8801,0.8810006830772311,15,168000,40
SingleView,0.8755777777777778,0.8762482626803698,1,210000,50
MultiViewStacking,0.8831555555555556,0.883980574196579,1,210000,50
SingleView,0.8766,0.8772962110005457,2,210000,50
MultiViewStacking,0.8836277777777778,0.8843980420805154,2,210000,50
SingleView,0.8762888888888889,0.8769867026463124,3,210000,50
MultiViewStacking,0.8848111111111111,0.8856235206949679,3,210000,50
SingleView,0.8765388888888889,0.8772084210092507,4,210000,50
MultiViewStacking,0.88385,0.8846552239262911,4,210000,50
SingleView,0.8757166666666667,0.8764176310087749,5,210000,50
MultiViewStacking,0.8846055555555555,0.885395887732936,5,210000,50
SingleView,0.8758444444444444,0.8765385630891491,6,210000,50
MultiViewStacking,0.8837833333333334,0.8845934941151584,6,210000,50
SingleView,0.8760944444444444,0.8767618690702511,7,210000,50
MultiViewStacking,0.8835666666666666,0.8843655263241083,7,210000,50
SingleView,0.8753777777777778,0.8760836394994188,8,210000,50
MultiViewStacking,0.88375,0.88454213785738,8,210000,50
SingleView,0.8769555555555556,0.8776909733275161,9,210000,50
MultiViewStacking,0.8848388888888888,0.8856645683916221,9,210000,50
SingleView,0.8767277777777778,0.8774383998507895,10,210000,50
MultiViewStacking,0.8844722222222222,0.8852516206709393,10,210000,50
SingleView,0.8756944444444444,0.8763790437829976,11,210000,50
MultiViewStacking,0.8849333333333333,0.8857164040063775,11,210000,50
SingleView,0.8764222222222222,0.8770469532097237,12,210000,50
MultiViewStacking,0.8843722222222222,0.8851929325728788,12,210000,50
SingleView,0.8749,0.8756118994863528,13,210000,50
MultiViewStacking,0.88395,0.8847365509669833,13,210000,50
SingleView,0.8763333333333333,0.8770348493824418,14,210000,50
MultiViewStacking,0.8839611111111111,0.884765747422588,14,210000,50
SingleView,0.8762111111111112,0.8768687774216262,15,210000,50
MultiViewStacking,0.8836944444444444,0.8845282311592794,15,210000,50
SingleView,0.87815,0.8788159263838589,1,252000,60
MultiViewStacking,0.8865444444444445,0.8873160631910376,1,252000,60
SingleView,0.87805,0.8787370901285717,2,252000,60
MultiViewStacking,0.8868055555555555,0.8875526043873304,2,252000,60
SingleView,0.8789388888888889,0.8796342316767545,3,252000,60
MultiViewStacking,0.8878166666666667,0.8885937206279141,3,252000,60
SingleView,0.8783666666666666,0.8790073722146662,4,252000,60
MultiViewStacking,0.8866555555555555,0.8874798278559792,4,252000,60
SingleView,0.8778666666666667,0.8785450366425612,5,252000,60
MultiViewStacking,0.8873944444444445,0.8881661151326283,5,252000,60
SingleView,0.8783555555555556,0.8790453578058345,6,252000,60
MultiViewStacking,0.8864666666666666,0.8872183035072926,6,252000,60
SingleView,0.8779166666666667,0.878572304427515,7,252000,60
MultiViewStacking,0.8872611111111111,0.888009695072499,7,252000,60
SingleView,0.8785666666666667,0.879262219908254,8,252000,60
MultiViewStacking,0.8867333333333334,0.887540945231445,8,252000,60
SingleView,0.8792722222222222,0.8800085742883156,9,252000,60
MultiViewStacking,0.8866666666666667,0.8874431868971451,9,252000,60
SingleView,0.8784555555555555,0.8791792638888768,10,252000,60
MultiViewStacking,0.8867777777777778,0.8875609966661533,10,252000,60
SingleView,0.87885,0.8795274850807745,11,252000,60
MultiViewStacking,0.8876055555555555,0.8883906322762102,11,252000,60
SingleView,0.8787944444444444,0.8794435434963295,12,252000,60
MultiViewStacking,0.8874388888888889,0.8882214584120799,12,252000,60
SingleView,0.8780555555555556,0.8787496129859936,13,252000,60
MultiViewStacking,0.8866722222222222,0.8874523607035293,13,252000,60
SingleView,0.8782388888888889,0.8789327393045604,14,252000,60
MultiViewStacking,0.8862833333333333,0.8870767818332257,14,252000,60
SingleView,0.8787277777777778,0.8793947782940049,15,252000,60
MultiViewStacking,0.8874222222222222,0.8881658305741892,15,252000,60
SingleView,0.8804611111111111,0.8811137209568395,1,294000,70
MultiViewStacking,0.8896055555555555,0.8903461824189055,1,294000,70
SingleView,0.8801166666666667,0.8808070457838953,2,294000,70
MultiViewStacking,0.8897222222222222,0.8904121824192964,2,294000,70
SingleView,0.8808777777777778,0.8815609682648299,3,294000,70
MultiViewStacking,0.8892833333333333,0.8900183659141305,3,294000,70
SingleView,0.8809222222222223,0.8815861976642432,4,294000,70
MultiViewStacking,0.8886888888888889,0.8894015094847937,4,294000,70
SingleView,0.8802555555555556,0.8809106221421331,5,294000,70
MultiViewStacking,0.8895666666666666,0.8902792059640898,5,294000,70
SingleView,0.8803666666666666,0.8810465805462635,6,294000,70
MultiViewStacking,0.8879277777777778,0.8886809870621769,6,294000,70
SingleView,0.8810666666666667,0.8817456131753465,7,294000,70
MultiViewStacking,0.8896555555555555,0.8903865309195909,7,294000,70
SingleView,0.8803777777777778,0.8810553265770732,8,294000,70
MultiViewStacking,0.8889833333333333,0.8897306093048041,8,294000,70
SingleView,0.8810277777777777,0.8817189928105099,9,294000,70
MultiViewStacking,0.8895833333333333,0.8903127147308899,9,294000,70
SingleView,0.8804055555555556,0.8811141591781021,10,294000,70
MultiViewStacking,0.8895833333333333,0.8903296345018282,10,294000,70
SingleView,0.8809222222222223,0.8815910056365275,11,294000,70
MultiViewStacking,0.8900333333333333,0.8907623804059398,11,294000,70
SingleView,0.8809166666666667,0.8815719923860166,12,294000,70
MultiViewStacking,0.8895388888888889,0.8902602512749901,12,294000,70
SingleView,0.8803277777777778,0.8810296468058895,13,294000,70
MultiViewStacking,0.8891388888888889,0.8898552436717354,13,294000,70
SingleView,0.8803222222222222,0.8810319547417661,14,294000,70
MultiViewStacking,0.8899555555555556,0.8907129326741147,14,294000,70
SingleView,0.8804333333333333,0.8811091583021163,15,294000,70
MultiViewStacking,0.8896333333333334,0.890394393098911,15,294000,70
SingleView,0.8823277777777778,0.8829969879884989,1,336000,80
MultiViewStacking,0.8922555555555556,0.8929627384326578,1,336000,80
SingleView,0.8828944444444444,0.8835781542708093,2,336000,80
MultiViewStacking,0.8914444444444445,0.8921657856278539,2,336000,80
SingleView,0.8825333333333333,0.8832089958135295,3,336000,80
MultiViewStacking,0.89175,0.8925175640018241,3,336000,80
SingleView,0.8824833333333333,0.8831531760699157,4,336000,80
MultiViewStacking,0.8916888888888889,0.8923932820831714,4,336000,80
SingleView,0.8816666666666667,0.8823356198382718,5,336000,80
MultiViewStacking,0.8915777777777778,0.8922413322002113,5,336000,80
SingleView,0.8824444444444445,0.883140985183386,6,336000,80
MultiViewStacking,0.8906666666666667,0.8913961283847317,6,336000,80
SingleView,0.8830333333333333,0.8836926914931466,7,336000,80
MultiViewStacking,0.89115,0.8918276876415199,7,336000,80
SingleView,0.8821111111111111,0.8828167625700883,8,336000,80
MultiViewStacking,0.8910555555555556,0.8917530874922575,8,336000,80
SingleView,0.8823833333333333,0.8830822947331697,9,336000,80
MultiViewStacking,0.8918777777777778,0.8925720788555975,9,336000,80
SingleView,0.8831666666666667,0.8838392852016715,10,336000,80
MultiViewStacking,0.8913611111111112,0.8920692119054912,10,336000,80
SingleView,0.8828111111111111,0.8834809353609824,11,336000,80
MultiViewStacking,0.8916166666666666,0.8922696983201202,11,336000,80
SingleView,0.8827166666666667,0.8833920880333225,12,336000,80
MultiViewStacking,0.8920277777777778,0.8927749329037237,12,336000,80
SingleView,0.8823166666666666,0.8829957594155099,13,336000,80
MultiViewStacking,0.8912666666666667,0.8919777476701514,13,336000,80
SingleView,0.8834444444444445,0.8841237625523419,14,336000,80
MultiViewStacking,0.8908277777777778,0.8915694032913049,14,336000,80
SingleView,0.8826666666666667,0.8833456212908191,15,336000,80
MultiViewStacking,0.8924722222222222,0.8932037750010232,15,336000,80
SingleView,0.88435,0.8850277236335411,1,378000,90
MultiViewStacking,0.8937055555555555,0.8944329936394957,1,378000,90
SingleView,0.8839333333333333,0.8846106794400944,2,378000,90
MultiViewStacking,0.89275,0.8934656486913575,2,378000,90
SingleView,0.8845944444444445,0.8852791691203751,3,378000,90
MultiViewStacking,0.8935,0.8942033639750457,3,378000,90
SingleView,0.8836388888888889,0.8843201117851462,4,378000,90
MultiViewStacking,0.8928777777777778,0.8935856153182916,4,378000,90
SingleView,0.8839166666666667,0.8846026429105974,5,378000,90
MultiViewStacking,0.8929222222222222,0.8935925533064447,5,378000,90
SingleView,0.8841611111111111,0.8848555502319595,6,378000,90
MultiViewStacking,0.8936555555555555,0.894356979568708,6,378000,90
SingleView,0.8842944444444445,0.8849781748373727,7,378000,90
MultiViewStacking,0.8924833333333333,0.8931454806970676,7,378000,90
SingleView,0.8838888888888888,0.8845711862301858,8,378000,90
MultiViewStacking,0.8929944444444444,0.8937250406320624,8,378000,90
SingleView,0.8838444444444444,0.8845485849619558,9,378000,90
MultiViewStacking,0.8931333333333333,0.8938704071060449,9,378000,90
SingleView,0.8846388888888889,0.8853148128385885,10,378000,90
MultiViewStacking,0.8929722222222222,0.8936435135463298,10,378000,90
SingleView,0.8840777777777777,0.8847574094617799,11,378000,90
MultiViewStacking,0.8938111111111111,0.894555472928432,11,378000,90
SingleView,0.8840666666666667,0.8847520327215413,12,378000,90
MultiViewStacking,0.89265,0.8933716311632615,12,378000,90
SingleView,0.8839277777777778,0.8846173460119213,13,378000,90
MultiViewStacking,0.8929277777777778,0.8936289542148238,13,378000,90
SingleView,0.8837,0.884389448087011,14,378000,90
MultiViewStacking,0.8928444444444444,0.8935494393792446,14,378000,90
SingleView,0.8837833333333334,0.8844456007117162,15,378000,90
MultiViewStacking,0.8932166666666667,0.893912750807674,15,378000,90
SingleView,0.8854555555555556,0.8861430544206431,1,420000,100
MultiViewStacking,0.8946722222222222,0.8953371244095024,1,420000,100
SingleView,0.8853,0.8859847729206559,2,420000,100
MultiViewStacking,0.8943555555555556,0.8950361275427771,2,420000,100
SingleView,0.8854,0.8860843762726945,3,420000,100
MultiViewStacking,0.8946944444444445,0.8953410387745989,3,420000,100
SingleView,0.8850555555555556,0.8857375311113036,4,420000,100
MultiViewStacking,0.8949388888888888,0.8956034420108647,4,420000,100
SingleView,0.8857777777777778,0.8864521036377128,5,420000,100
MultiViewStacking,0.8940666666666667,0.8947550905936347,5,420000,100
SingleView,0.8857611111111111,0.8864455537820423,6,420000,100
MultiViewStacking,0.8947555555555555,0.8954146010819256,6,420000,100
SingleView,0.8852166666666667,0.8858975341493286,7,420000,100
MultiViewStacking,0.8950555555555556,0.895750989935905,7,420000,100
SingleView,0.8855666666666666,0.886249831186813,8,420000,100
MultiViewStacking,0.8941,0.8948071477664222,8,420000,100
SingleView,0.8857666666666667,0.8864438915438169,9,420000,100
MultiViewStacking,0.8950222222222223,0.8957126571676688,9,420000,100
SingleView,0.8853888888888889,0.8860660527918184,10,420000,100
MultiViewStacking,0.8938111111111111,0.8945050912169591,10,420000,100
SingleView,0.8853444444444445,0.8860213650141994,11,420000,100
MultiViewStacking,0.8944277777777778,0.8951061347535051,11,420000,100
SingleView,0.8855555555555555,0.8862494005955557,12,420000,100
MultiViewStacking,0.8944722222222222,0.8951533409365372,12,420000,100
SingleView,0.8856222222222222,0.8863087975811084,13,420000,100
MultiViewStacking,0.8951111111111111,0.895788341777611,13,420000,100
SingleView,0.8853333333333333,0.8860239497072976,14,420000,100
MultiViewStacking,0.8946555555555555,0.8953546739658712,14,420000,100
SingleView,0.8858222222222222,0.8865149710099086,15,420000,100
MultiViewStacking,0.8948,0.8954902951443376,15,420000,100
